pk,活動名稱,屆數,時間,名次,作者：作品,獎項,(年度)選集的收入,評審,備考
1,時報文學獎,第一屆,1978,首獎,詹明儒：進香,小說(甄選),,小說決審委員：姚一葦、夏志清、梁實秋、葉石濤、顏元叔。,
2,時報文學獎,第一屆,1978,優等,洪醒夫：吾土,小說(甄選),,小說決審委員：姚一葦、夏志清、梁實秋、葉石濤、顏元叔。,
3,時報文學獎,第一屆,1978,優等,小赫(楊宏義)：風箏,小說(甄選),,小說決審委員：姚一葦、夏志清、梁實秋、葉石濤、顏元叔。,
4,時報文學獎,第一屆,1978,優等,張大春：雞翎圖,小說(甄選),,小說決審委員：姚一葦、夏志清、梁實秋、葉石濤、顏元叔。,
5,時報文學獎,第一屆,1978,優等,李捷鑫(李捷金)：窄巷,小說(甄選),,小說決審委員：姚一葦、夏志清、梁實秋、葉石濤、顏元叔。,
6,時報文學獎,第一屆,1978,優等,朱天心：愛情,小說(甄選),,小說決審委員：姚一葦、夏志清、梁實秋、葉石濤、顏元叔。,
7,時報文學獎,第一屆,1978,佳作,張貴興：俠影錄,小說(甄選),,小說決審委員：姚一葦、夏志清、梁實秋、葉石濤、顏元叔。,
8,時報文學獎,第一屆,1978,佳作,盧非易：日光男孩,小說(甄選),,小說決審委員：姚一葦、夏志清、梁實秋、葉石濤、顏元叔。,
9,時報文學獎,第一屆,1978,佳作,江彤晞(江慶富)：小俠藍頭巾,小說(甄選),,小說決審委員：姚一葦、夏志清、梁實秋、葉石濤、顏元叔。,
10,時報文學獎,第一屆,1978,佳作,鄭紅綢：美麗與幻滅,小說(甄選),,小說決審委員：姚一葦、夏志清、梁實秋、葉石濤、顏元叔。,
11,時報文學獎,第一屆,1978,佳作,馬淑禮：露水師生,小說(甄選),,小說決審委員：姚一葦、夏志清、梁實秋、葉石濤、顏元叔。,
12,時報文學獎,第一屆,1978,佳作,鄭寶娟：巫山雲,小說(甄選),,小說決審委員：姚一葦、夏志清、梁實秋、葉石濤、顏元叔。,
13,時報文學獎,第一屆,1978,佳作,胡台麗：媳婦入門,小說(甄選),,小說決審委員：姚一葦、夏志清、梁實秋、葉石濤、顏元叔。,
14,時報文學獎,第一屆,1978,,宋澤萊：打牛湳村,小說(推薦),,小說決審委員：姚一葦、夏志清、梁實秋、葉石濤、顏元叔。,
15,時報文學獎,第一屆,1978,,林也牧(勝樹彤)：出診,小說(特別推薦),,小說決審委員：姚一葦、夏志清、梁實秋、葉石濤、顏元叔。,
16,時報文學獎,第一屆,1978,首獎,邱坤良：西皮福路的故事,報導文學(甄選),,報導文學決審委員：孟瑤、彭歌、胡菊人、張系國、陳奇祿。,
17,時報文學獎,第一屆,1978,首獎,曾月娥：阿美族的生活習慣,報導文學(甄選),,報導文學決審委員：孟瑤、彭歌、胡菊人、張系國、陳奇祿。,
18,時報文學獎,第一屆,1978,優等,王鎮華：台灣現存的書院建築,報導文學(甄選),,報導文學決審委員：孟瑤、彭歌、胡菊人、張系國、陳奇祿。,
19,時報文學獎,第一屆,1978,優等,陳銘磻：最後一把番刀,報導文學(甄選),,報導文學決審委員：孟瑤、彭歌、胡菊人、張系國、陳奇祿。,
20,時報文學獎,第一屆,1978,優等,朱雲漢、丁庭宇：杜鵑窩下的陰影,報導文學(甄選),,報導文學決審委員：孟瑤、彭歌、胡菊人、張系國、陳奇祿。,
21,時報文學獎,第一屆,1978,優等,翁台生：痲瘋病院的世界,報導文學(甄選),陳銘磻編選，《大地阡陌路》 (業強，1990 年) ,報導文學決審委員：孟瑤、彭歌、胡菊人、張系國、陳奇祿。,
22,時報文學獎,第一屆,1978,優等,馬以工：陽光照耀的地方,報導文學(甄選),,報導文學決審委員：孟瑤、彭歌、胡菊人、張系國、陳奇祿。,
23,時報文學獎,第一屆,1978,佳作,張曉風：新燈舊燈──林安泰古厝拆除一日記,報導文學(甄選),,報導文學決審委員：孟瑤、彭歌、胡菊人、張系國、陳奇祿。,
24,時報文學獎,第一屆,1978,佳作,李利國：我在淡水河兩岸作歷史的狩獵,報導文學(甄選),,報導文學決審委員：孟瑤、彭歌、胡菊人、張系國、陳奇祿。,
25,時報文學獎,第一屆,1978,,古蒙仁：黑色的部落,報導文學(推薦),陳銘磻編選，《大地阡陌路》 (業強，1990 年) ,報導文學決審委員：孟瑤、彭歌、胡菊人、張系國、陳奇祿。,
26,時報文學獎,第二屆,1979,首獎,黃凡：賴索,小說(甄選),黃凡：《賴索》,小說決審委員：白先勇、尼洛、李歐梵、林海音、鍾肇政。,
27,時報文學獎,第二屆,1979,優等,保真：兩代之間,小說(甄選),,小說決審委員：白先勇、尼洛、李歐梵、林海音、鍾肇政。,
28,時報文學獎,第二屆,1979,優等,江彤晞：清水海岸的冬天,小說(甄選),,小說決審委員：白先勇、尼洛、李歐梵、林海音、鍾肇政。,
29,時報文學獎,第二屆,1979,優等,張貴興：伏虎,小說(甄選),,小說決審委員：白先勇、尼洛、李歐梵、林海音、鍾肇政。,
30,時報文學獎,第二屆,1979,優等,胡台麗：困境,小說(甄選),,小說決審委員：白先勇、尼洛、李歐梵、林海音、鍾肇政。,
31,時報文學獎,第二屆,1979,優等,鄭文山：信,小說(甄選),,小說決審委員：白先勇、尼洛、李歐梵、林海音、鍾肇政。,
32,時報文學獎,第二屆,1979,佳作,朱天心：昨日當我年輕時,小說(甄選),,小說決審委員：白先勇、尼洛、李歐梵、林海音、鍾肇政。,
33,時報文學獎,第二屆,1979,佳作,陳彥希：真是抱歉哦！老弟,小說(甄選),,小說決審委員：白先勇、尼洛、李歐梵、林海音、鍾肇政。,
34,時報文學獎,第二屆,1979,佳作,千青：屋後的野薑花,小說(甄選),,小說決審委員：白先勇、尼洛、李歐梵、林海音、鍾肇政。,
35,時報文學獎,第二屆,1979,佳作,鍾延豪：高潭村人物誌,小說(甄選),,小說決審委員：白先勇、尼洛、李歐梵、林海音、鍾肇政。,
36,時報文學獎,第二屆,1979,佳作,吳錦發：烤乳豬的方法,小說(甄選),,小說決審委員：白先勇、尼洛、李歐梵、林海音、鍾肇政。,
37,時報文學獎,第二屆,1979,佳作,張清榮：絕招,小說(甄選),,小說決審委員：白先勇、尼洛、李歐梵、林海音、鍾肇政。,
38,時報文學獎,第二屆,1979,,古蒙仁：雨季中的鳳凰花,小說(推薦),,小說決審委員：白先勇、尼洛、李歐梵、林海音、鍾肇政。,
39,時報文學獎,第二屆,1979,,香港北斗學社冬冬等十四名作者：反修樓,小說(特別推薦),,小說決審委員：白先勇、尼洛、李歐梵、林海音、鍾肇政。,
40,時報文學獎,第二屆,1979,首獎,白靈：黑洞,敘事詩(甄選),,敘事詩決審委員：白荻、余光中、葉維廉、鄭愁予、鍾鼎文。,首設「敘事詩」類獎項
41,時報文學獎,第二屆,1979,優等,鄭文山：噍吧哖的英靈,敘事詩(甄選),,敘事詩決審委員：白荻、余光中、葉維廉、鄭愁予、鍾鼎文。,
42,時報文學獎,第二屆,1979,優等,黎父：到眾神之路,敘事詩(甄選),,敘事詩決審委員：白荻、余光中、葉維廉、鄭愁予、鍾鼎文。,
43,時報文學獎,第二屆,1979,優等,羅智成：一九七九,敘事詩(甄選),,敘事詩決審委員：白荻、余光中、葉維廉、鄭愁予、鍾鼎文。,
44,時報文學獎,第二屆,1979,優等,施善繼：小耕入學,敘事詩(甄選),,敘事詩決審委員：白荻、余光中、葉維廉、鄭愁予、鍾鼎文。,
45,時報文學獎,第二屆,1979,優等,向陽：霧社,敘事詩(甄選),,敘事詩決審委員：白荻、余光中、葉維廉、鄭愁予、鍾鼎文。,1979 年 12 月 10 日，高雄美麗島事件發生，導致本應於當年公佈的時報文學獎延至 1980 年 1 月才揭曉，而〈霧社〉詩更延到當年 5 月才刊出。
46,時報文學獎,第二屆,1979,優等,楊澤：蔗田間的旅程,敘事詩(甄選),,敘事詩決審委員：白荻、余光中、葉維廉、鄭愁予、鍾鼎文。,
47,時報文學獎,第二屆,1979,佳作,周安托：悲涼之旅,敘事詩(甄選),,敘事詩決審委員：白荻、余光中、葉維廉、鄭愁予、鍾鼎文。,
48,時報文學獎,第二屆,1979,佳作,邱文雄：鐘聲,敘事詩(甄選),,敘事詩決審委員：白荻、余光中、葉維廉、鄭愁予、鍾鼎文。,
49,時報文學獎,第二屆,1979,佳作,管懷情：日月不淹春秋序,敘事詩(甄選),,敘事詩決審委員：白荻、余光中、葉維廉、鄭愁予、鍾鼎文。,
50,時報文學獎,第二屆,1979,佳作,陳家帶：不知名的航行,敘事詩(甄選),,敘事詩決審委員：白荻、余光中、葉維廉、鄭愁予、鍾鼎文。,
51,時報文學獎,第二屆,1979,佳作,陳黎(陳膺文)：后羿之歌,敘事詩(甄選),,敘事詩決審委員：白荻、余光中、葉維廉、鄭愁予、鍾鼎文。,
52,時報文學獎,第二屆,1979,佳作,江雪英：歷史的烙痕,敘事詩(甄選),,敘事詩決審委員：白荻、余光中、葉維廉、鄭愁予、鍾鼎文。,
53,時報文學獎,第二屆,1979,佳作,荀孫：莫那魯道的悲歌,敘事詩(甄選),,敘事詩決審委員：白荻、余光中、葉維廉、鄭愁予、鍾鼎文。,
54,時報文學獎,第二屆,1979,,楊牧：吳鳳,敘事詩(推薦),,敘事詩決審委員：白荻、余光中、葉維廉、鄭愁予、鍾鼎文。,
55,時報文學獎,第二屆,1979,首獎,高大鵬：大雄寶殿下的沉思,散文(甄選),,散文決審委員：司馬中原、何欣、吳魯芹、楊牧、齊邦媛。,
56,時報文學獎,第二屆,1979,優等,舒國治：村人遇難記,散文(甄選),詹宏志編，《六十九年短篇小說選》(爾雅),散文決審委員：司馬中原、何欣、吳魯芹、楊牧、齊邦媛。,
57,時報文學獎,第二屆,1979,優等,童大龍：蕾一樣的禁錮著花,散文(甄選),,散文決審委員：司馬中原、何欣、吳魯芹、楊牧、齊邦媛。,
58,時報文學獎,第二屆,1979,優等,吳翰書：東海散記,散文(甄選),,散文決審委員：司馬中原、何欣、吳魯芹、楊牧、齊邦媛。,
59,時報文學獎,第二屆,1979,優等,林文義：千手觀音,散文(甄選),,散文決審委員：司馬中原、何欣、吳魯芹、楊牧、齊邦媛。,
60,時報文學獎,第二屆,1979,優等,李豐楙：小巷之歌,散文(甄選),,散文決審委員：司馬中原、何欣、吳魯芹、楊牧、齊邦媛。,
61,時報文學獎,第二屆,1979,優等,陳煌(陳輝煌)：淡水五帖,散文(甄選),,散文決審委員：司馬中原、何欣、吳魯芹、楊牧、齊邦媛。,
62,時報文學獎,第二屆,1979,優等,童若雯：夢稿,散文(甄選),,散文決審委員：司馬中原、何欣、吳魯芹、楊牧、齊邦媛。,
63,時報文學獎,第二屆,1979,優等,林清玄：過火,散文(甄選),,散文決審委員：司馬中原、何欣、吳魯芹、楊牧、齊邦媛。,
64,時報文學獎,第二屆,1979,優等,王湘琦：長春巷,散文(甄選),,散文決審委員：司馬中原、何欣、吳魯芹、楊牧、齊邦媛。,
65,時報文學獎,第二屆,1979,優等,許家石：夏至篇,散文(甄選),,散文決審委員：司馬中原、何欣、吳魯芹、楊牧、齊邦媛。,
66,時報文學獎,第二屆,1979,佳作,賴顯邦：懶人的日記,散文(甄選),,散文決審委員：司馬中原、何欣、吳魯芹、楊牧、齊邦媛。,
67,時報文學獎,第二屆,1979,,張曉風：許士林的獨白,散文(推薦),,散文決審委員：司馬中原、何欣、吳魯芹、楊牧、齊邦媛。,
68,時報文學獎,第二屆,1979,,邱言曦,散文(紀念),,散文決審委員：司馬中原、何欣、吳魯芹、楊牧、齊邦媛。,
69,時報文學獎,第二屆,1979,首獎,林元輝：蘭陽平原上的雙龍演義,報導文學(甄選),,報導文學決審委員：李亦園、殷允芃、黃春明、喬志高、趙滋蕃。,
70,時報文學獎,第二屆,1979,優等,馬以工：幾番踏出阡陌路,報導文學(甄選),陳銘磻編選，《大地阡陌路》 (業強，1990 年),報導文學決審委員：李亦園、殷允芃、黃春明、喬志高、趙滋蕃。,
71,時報文學獎,第二屆,1979,優等,古蒙仁：失去的水平線,報導文學(甄選),,報導文學決審委員：李亦園、殷允芃、黃春明、喬志高、趙滋蕃。,
72,時報文學獎,第二屆,1979,優等,楊定燮：病兒求醫記,報導文學(甄選),,報導文學決審委員：李亦園、殷允芃、黃春明、喬志高、趙滋蕃。,
73,時報文學獎,第二屆,1979,優等,梁憲初：春劫,報導文學(甄選),,報導文學決審委員：李亦園、殷允芃、黃春明、喬志高、趙滋蕃。,
74,時報文學獎,第二屆,1979,,漢聲雜誌社：國民旅遊專輯,報導文學(推薦),,報導文學決審委員：李亦園、殷允芃、黃春明、喬志高、趙滋蕃。,
75,時報文學獎,第二屆,1979,,魏京生：二十世紀的巴斯底獄,報導文學(特別),,報導文學決審委員：李亦園、殷允芃、黃春明、喬志高、趙滋蕃。,
76,時報文學獎,第三屆,1980,首獎,吳信雄：一九七四,小說(甄選),,小說決審委員：白先勇、侯健、胡菊人、胡耀恆、陳若曦。,
77,時報文學獎,第三屆,1980,優等,陳偉明：二度潮水,小說(甄選),,小說決審委員：白先勇、侯健、胡菊人、胡耀恆、陳若曦。,
78,時報文學獎,第三屆,1980,優等,辜輝龍：尪仔春,小說(甄選),,小說決審委員：白先勇、侯健、胡菊人、胡耀恆、陳若曦。,
79,時報文學獎,第三屆,1980,優等,吳永毅：新來的獅子,小說(甄選),,小說決審委員：白先勇、侯健、胡菊人、胡耀恆、陳若曦。,
80,時報文學獎,第三屆,1980,佳作,嚴曼麗：招弟的兒子,小說(甄選),,小說決審委員：白先勇、侯健、胡菊人、胡耀恆、陳若曦。,
81,時報文學獎,第三屆,1980,佳作,童若雯：高地,小說(甄選),,小說決審委員：白先勇、侯健、胡菊人、胡耀恆、陳若曦。,
82,時報文學獎,第三屆,1980,佳作,黃凡：歸鄉,小說(甄選),,小說決審委員：白先勇、侯健、胡菊人、胡耀恆、陳若曦。,
83,時報文學獎,第三屆,1980,佳作,言無：人間戰事,小說(甄選),,小說決審委員：白先勇、侯健、胡菊人、胡耀恆、陳若曦。,
84,時報文學獎,第三屆,1980,佳作,李赫：芒果,小說(甄選),,小說決審委員：白先勇、侯健、胡菊人、胡耀恆、陳若曦。,
85,時報文學獎,第三屆,1980,佳作,張貴興：出嫁,小說(甄選),,小說決審委員：白先勇、侯健、胡菊人、胡耀恆、陳若曦。,
86,時報文學獎,第三屆,1980,佳作,陳彥希：據說我殺了李維德,小說(甄選),,小說決審委員：白先勇、侯健、胡菊人、胡耀恆、陳若曦。,
87,時報文學獎,第三屆,1980,佳作,高大鵬：夜奔,小說(甄選),,小說決審委員：白先勇、侯健、胡菊人、胡耀恆、陳若曦。,
88,時報文學獎,第三屆,1980,佳作,謝材俊：只有來福槍馬和我,小說(甄選),,小說決審委員：白先勇、侯健、胡菊人、胡耀恆、陳若曦。,
89,時報文學獎,第三屆,1980,佳作,王定國：獎品,小說(甄選),,小說決審委員：白先勇、侯健、胡菊人、胡耀恆、陳若曦。,
90,時報文學獎,第三屆,1980,,王禎和：香格里拉,小說(推薦),,小說決審委員：白先勇、侯健、胡菊人、胡耀恆、陳若曦。,
91,時報文學獎,第三屆,1980,首獎,陳黎：最後的王木七,敘事詩(甄選),,敘事詩決審委員：杜國清、洛夫、黃永武、楊牧、顏元叔。,
92,時報文學獎,第三屆,1980,優等,楊渡：刺客吟,敘事詩(甄選),,敘事詩決審委員：杜國清、洛夫、黃永武、楊牧、顏元叔。,
93,時報文學獎,第三屆,1980,優等,李弦(李豐楙)：大地之歌,敘事詩(甄選),,敘事詩決審委員：杜國清、洛夫、黃永武、楊牧、顏元叔。,
94,時報文學獎,第三屆,1980,優等,焦桐(葉振富)：懷孕的阿順仔嫂,敘事詩(甄選),,敘事詩決審委員：杜國清、洛夫、黃永武、楊牧、顏元叔。,
95,時報文學獎,第三屆,1980,佳作,鄭文山：漂鳥,敘事詩(甄選),,敘事詩決審委員：杜國清、洛夫、黃永武、楊牧、顏元叔。,
96,時報文學獎,第三屆,1980,佳作,管管：村頭井邊桃花,敘事詩(甄選),,敘事詩決審委員：杜國清、洛夫、黃永武、楊牧、顏元叔。,
97,時報文學獎,第三屆,1980,佳作,高大鵬：天問,敘事詩(甄選),,敘事詩決審委員：杜國清、洛夫、黃永武、楊牧、顏元叔。,
98,時報文學獎,第三屆,1980,佳作,羅智成：問聃,敘事詩(甄選),簡政珍主編，《新世代詩人精選集》(書林，1998年),敘事詩決審委員：杜國清、洛夫、黃永武、楊牧、顏元叔。,
99,時報文學獎,第三屆,1980,佳作,李塩冰：快樂的森林,敘事詩(甄選),,敘事詩決審委員：杜國清、洛夫、黃永武、楊牧、顏元叔。,
100,時報文學獎,第三屆,1980,,楊澤：桂林題壁,敘事詩(推薦),,敘事詩決審委員：杜國清、洛夫、黃永武、楊牧、顏元叔。,
101,時報文學獎,第三屆,1980,首獎,陳列(陳瑞麟)：無悔,散文(甄選),,散文決審委員：余光中、思果、張系國、逯耀東、鍾肇政。,
102,時報文學獎,第三屆,1980,優等,張曉風：再生緣,散文(甄選),,散文決審委員：余光中、思果、張系國、逯耀東、鍾肇政。,
103,時報文學獎,第三屆,1980,優等,顏崑陽：結婚日記,散文(甄選),,散文決審委員：余光中、思果、張系國、逯耀東、鍾肇政。,
104,時報文學獎,第三屆,1980,優等,謝武彰：燈火,散文(甄選),,散文決審委員：余光中、思果、張系國、逯耀東、鍾肇政。,
105,時報文學獎,第三屆,1980,佳作,沈因：我寫我母親,散文(甄選),,散文決審委員：余光中、思果、張系國、逯耀東、鍾肇政。,
106,時報文學獎,第三屆,1980,佳作,吳承明：烽火的訊息,散文(甄選),,散文決審委員：余光中、思果、張系國、逯耀東、鍾肇政。,
107,時報文學獎,第三屆,1980,佳作,秦情：刺花,散文(甄選),,散文決審委員：余光中、思果、張系國、逯耀東、鍾肇政。,
108,時報文學獎,第三屆,1980,佳作,秋峰：石頭義父,散文(甄選),,散文決審委員：余光中、思果、張系國、逯耀東、鍾肇政。,
109,時報文學獎,第三屆,1980,佳作,羊牧：煉,散文(甄選),,散文決審委員：余光中、思果、張系國、逯耀東、鍾肇政。,
110,時報文學獎,第三屆,1980,,高大鵬：感性文化的哀歌,散文(推薦),,散文決審委員：余光中、思果、張系國、逯耀東、鍾肇政。,
111,時報文學獎,第三屆,1980,首獎,心岱：大地反撲,報導文學(甄選),陳銘磻編選，《大地阡陌路》(業強，1990年),報導文學決審委員：朱西甯、沈君山、金耀基、徐士佳、叢甦。,
112,時報文學獎,第三屆,1980,優等,林洲民：望安紀事,報導文學(甄選),,報導文學決審委員：朱西甯、沈君山、金耀基、徐士佳、叢甦。,
113,時報文學獎,第三屆,1980,優等,李敬：回憶北大荒,報導文學(甄選),,報導文學決審委員：朱西甯、沈君山、金耀基、徐士佳、叢甦。,
114,時報文學獎,第三屆,1980,優等,周陽山：煙山一日談,報導文學(甄選),,報導文學決審委員：朱西甯、沈君山、金耀基、徐士佳、叢甦。,
115,時報文學獎,第三屆,1980,佳作,林清玄：不敢回頭看牽牛,報導文學(甄選),,報導文學決審委員：朱西甯、沈君山、金耀基、徐士佳、叢甦。,
116,時報文學獎,第三屆,1980,佳作,林昭：蘭嶼今昔,報導文學(甄選),,報導文學決審委員：朱西甯、沈君山、金耀基、徐士佳、叢甦。,
117,時報文學獎,第三屆,1980,佳作,楊明顯：無根草,報導文學(甄選),,報導文學決審委員：朱西甯、沈君山、金耀基、徐士佳、叢甦。,
118,時報文學獎,第三屆,1980,,李利國：我在人類文明的生死分水線上,報導文學(推薦),,報導文學決審委員：朱西甯、沈君山、金耀基、徐士佳、叢甦。,
119,時報文學獎,第四屆,1981,首獎,呂學海：屋頂上的魚,小說(甄選),,小說決審委員：七等生、朱西甯、姚一葦、蔡源煌、顏元叔。,
120,時報文學獎,第四屆,1981,優等,履彊：曬榖埕春秋誌,小說(甄選),,小說決審委員：七等生、朱西甯、姚一葦、蔡源煌、顏元叔。,
121,時報文學獎,第四屆,1981,優等,吳永毅：聖人再世,小說(甄選),,小說決審委員：七等生、朱西甯、姚一葦、蔡源煌、顏元叔。,
122,時報文學獎,第四屆,1981,優等,魏良玉：最後二十九日,小說(甄選),,小說決審委員：七等生、朱西甯、姚一葦、蔡源煌、顏元叔。,
123,時報文學獎,第四屆,1981,佳作,李昂：誤解,小說(甄選),,小說決審委員：七等生、朱西甯、姚一葦、蔡源煌、顏元叔。,
124,時報文學獎,第四屆,1981,佳作,雷驤：友善的景象,小說(甄選),,小說決審委員：七等生、朱西甯、姚一葦、蔡源煌、顏元叔。,
125,時報文學獎,第四屆,1981,佳作,韓鐘麟：卞家老頭,小說(甄選),,小說決審委員：七等生、朱西甯、姚一葦、蔡源煌、顏元叔。,
126,時報文學獎,第四屆,1981,佳作,羅振昌：巨椰,小說(甄選),,小說決審委員：七等生、朱西甯、姚一葦、蔡源煌、顏元叔。,
127,時報文學獎,第四屆,1981,佳作,羅芙榮：兩代情,小說(甄選),,小說決審委員：七等生、朱西甯、姚一葦、蔡源煌、顏元叔。,
128,時報文學獎,第四屆,1981,佳作,傅豐琪：禁忌遊戲,小說(甄選),,小說決審委員：七等生、朱西甯、姚一葦、蔡源煌、顏元叔。,
129,時報文學獎,第四屆,1981,佳作,邱貴芬：柴可夫斯基OP43弦樂,小說(甄選),,小說決審委員：七等生、朱西甯、姚一葦、蔡源煌、顏元叔。,
130,時報文學獎,第四屆,1981,,東年：海鷗,小說(推薦),,小說決審委員：七等生、朱西甯、姚一葦、蔡源煌、顏元叔。,
131,時報文學獎,第四屆,1981,,李衡：阿娜罕,小說(推薦),,小說決審委員：七等生、朱西甯、姚一葦、蔡源煌、顏元叔。,
132,時報文學獎,第四屆,1981,敘事詩獎,趙衛民：夸父傳,敘事詩(甄選),,敘事詩決審委員：李魁賢、施友忠、洛夫、黃永武、鍾鼎文。,
133,時報文學獎,第四屆,1981,敘事詩獎,鄭文山：哭泣的精靈,敘事詩(甄選),,敘事詩決審委員：李魁賢、施友忠、洛夫、黃永武、鍾鼎文。,
134,時報文學獎,第四屆,1981,敘事詩獎,陳克華：星球紀事,敘事詩(甄選),,敘事詩決審委員：李魁賢、施友忠、洛夫、黃永武、鍾鼎文。,
135,時報文學獎,第四屆,1981,敘事詩獎,汪啟疆：染血的天空,敘事詩(甄選),,敘事詩決審委員：李魁賢、施友忠、洛夫、黃永武、鍾鼎文。,
136,時報文學獎,第四屆,1981,佳作,蘇紹連：小丑之死,敘事詩(甄選),,敘事詩決審委員：李魁賢、施友忠、洛夫、黃永武、鍾鼎文。,
137,時報文學獎,第四屆,1981,佳作,渡也：王維的石油化學工業,敘事詩(甄選),,敘事詩決審委員：李魁賢、施友忠、洛夫、黃永武、鍾鼎文。,
138,時報文學獎,第四屆,1981,,徐訏：無題的問句,敘事詩(推薦),,敘事詩決審委員：李魁賢、施友忠、洛夫、黃永武、鍾鼎文。,
139,時報文學獎,第四屆,1981,首獎,陳列：地上歲月,散文(甄選),鍾怡雯、陳大為主編，《天下散文選》(天下遠見，2001),散文決審委員：三毛、吳宏一、林良、林文月、鍾肇政。,
140,時報文學獎,第四屆,1981,優等,洪文慶：出巢,散文(甄選),,散文決審委員：三毛、吳宏一、林良、林文月、鍾肇政。,
141,時報文學獎,第四屆,1981,優等,林清玄：鴛鴦香爐,散文(甄選),,散文決審委員：三毛、吳宏一、林良、林文月、鍾肇政。,
142,時報文學獎,第四屆,1981,優等,凌俊嫻：孩子和我,散文(甄選),,散文決審委員：三毛、吳宏一、林良、林文月、鍾肇政。,
143,時報文學獎,第四屆,1981,佳作,馮輝岳：橫崗背之夢,散文(甄選),,散文決審委員：三毛、吳宏一、林良、林文月、鍾肇政。,
144,時報文學獎,第四屆,1981,佳作,吳鳴：教堂之外,散文(甄選),,散文決審委員：三毛、吳宏一、林良、林文月、鍾肇政。,
145,時報文學獎,第四屆,1981,佳作,呂念雪：沉睡已久的幸福,散文(甄選),,散文決審委員：三毛、吳宏一、林良、林文月、鍾肇政。,
146,時報文學獎,第四屆,1981,佳作,杜十三：室內,散文(甄選),,散文決審委員：三毛、吳宏一、林良、林文月、鍾肇政。,
147,時報文學獎,第四屆,1981,佳作,呂欣蒼：二十號病房散記,散文(甄選),,散文決審委員：三毛、吳宏一、林良、林文月、鍾肇政。,
148,時報文學獎,第四屆,1981,,黃武雄：糟蹋,散文(推薦),,散文決審委員：三毛、吳宏一、林良、林文月、鍾肇政。,
149,時報文學獎,第四屆,1981,,王潤華：天天流血的橡膠樹,散文(特別),,散文決審委員：三毛、吳宏一、林良、林文月、鍾肇政。,
150,時報文學獎,第四屆,1981,優等,簡文飛：捕蟲者,報導文學(甄選),,報導文學決審委員：司馬中原、何欣、徐佳士、陳映真、漢寶德。,本屆甄選報導文學「首獎」從缺。
151,時報文學獎,第四屆,1981,優等,心岱：美麗新世界,報導文學(甄選),,報導文學決審委員：司馬中原、何欣、徐佳士、陳映真、漢寶德。,
152,時報文學獎,第四屆,1981,優等,阮小晨：花嶼記實,報導文學(甄選),,報導文學決審委員：司馬中原、何欣、徐佳士、陳映真、漢寶德。,
153,時報文學獎,第四屆,1981,優等,李昂：別可憐我、請教育我,報導文學(甄選),,報導文學決審委員：司馬中原、何欣、徐佳士、陳映真、漢寶德。,
154,時報文學獎,第四屆,1981,佳作,張曉風：夜診,報導文學(甄選),,報導文學決審委員：司馬中原、何欣、徐佳士、陳映真、漢寶德。,
155,時報文學獎,第四屆,1981,佳作,王義雄：史懷哲在台灣的朋友,報導文學(甄選),,報導文學決審委員：司馬中原、何欣、徐佳士、陳映真、漢寶德。,
156,時報文學獎,第四屆,1981,,尤增輝：鹿港三百年,報導文學(推薦),,報導文學決審委員：司馬中原、何欣、徐佳士、陳映真、漢寶德。,
157,時報文學獎,第五屆,1982,首獎,廖輝英：油麻菜籽,小說(甄選),江寶釵、范銘如編，《島嶼妏聲》(巨流，2000年)梅家玲編，《彈子王——青少年台灣文庫小說讀本3》(五南，2006年),小說決審委員：白先勇、司馬中原、尼洛、尉天驄、葉石濤。,
158,時報文學獎,第五屆,1982,優等,朱天文：伊甸不再,小說(甄選),,小說決審委員：白先勇、司馬中原、尼洛、尉天驄、葉石濤。,
159,時報文學獎,第五屆,1982,優等,陳春秀：夜戲,小說(甄選),,小說決審委員：白先勇、司馬中原、尼洛、尉天驄、葉石濤。,
160,時報文學獎,第五屆,1982,優等,余綺芳：謝,小說(甄選),,小說決審委員：白先勇、司馬中原、尼洛、尉天驄、葉石濤。,
161,時報文學獎,第五屆,1982,佳作,童大龍：懼高症,小說(甄選),,小說決審委員：白先勇、司馬中原、尼洛、尉天驄、葉石濤。,
162,時報文學獎,第五屆,1982,佳作,張小鳳：觸電,小說(甄選),,小說決審委員：白先勇、司馬中原、尼洛、尉天驄、葉石濤。,
163,時報文學獎,第五屆,1982,佳作,王偉強：深於淚水,小說(甄選),,小說決審委員：白先勇、司馬中原、尼洛、尉天驄、葉石濤。,
164,時報文學獎,第五屆,1982,佳作,呂家衛：窮鄉,小說(甄選),,小說決審委員：白先勇、司馬中原、尼洛、尉天驄、葉石濤。,
165,時報文學獎,第五屆,1982,,黃瑞田：爐主,小說(推薦),,小說決審委員：白先勇、司馬中原、尼洛、尉天驄、葉石濤。,
166,時報文學獎,第五屆,1982,,洪醒夫,小說(紀念),,小說決審委員：白先勇、司馬中原、尼洛、尉天驄、葉石濤。,
167,時報文學獎,第五屆,1982,首獎,張錯：浮遊地獄篇,敘事詩(甄選),,敘事詩決審委員：林亨泰、楊牧、齊邦媛、鄭臻、羅宗濤。,
168,時報文學獎,第五屆,1982,優等,蘇紹連：雨中的廟,敘事詩(甄選),,敘事詩決審委員：林亨泰、楊牧、齊邦媛、鄭臻、羅宗濤。,
169,時報文學獎,第五屆,1982,優等,吳德亮：國四英雄傳,敘事詩(甄選),,敘事詩決審委員：林亨泰、楊牧、齊邦媛、鄭臻、羅宗濤。,
170,時報文學獎,第五屆,1982,優等,侯吉諒：風塵中的俠骨,敘事詩(甄選),,敘事詩決審委員：林亨泰、楊牧、齊邦媛、鄭臻、羅宗濤。,
171,時報文學獎,第五屆,1982,佳作,褚文杰：成長,敘事詩(甄選),,敘事詩決審委員：林亨泰、楊牧、齊邦媛、鄭臻、羅宗濤。,
172,時報文學獎,第五屆,1982,佳作,趙衛民：后羿傳,敘事詩(甄選),,敘事詩決審委員：林亨泰、楊牧、齊邦媛、鄭臻、羅宗濤。,
173,時報文學獎,第五屆,1982,佳作,林野：邊緣城市,敘事詩(甄選),,敘事詩決審委員：林亨泰、楊牧、齊邦媛、鄭臻、羅宗濤。,
174,時報文學獎,第五屆,1982,佳作,陳正達：冷去的詩,敘事詩(甄選),,敘事詩決審委員：林亨泰、楊牧、齊邦媛、鄭臻、羅宗濤。,
175,時報文學獎,第五屆,1982,佳作,陳克華：水,敘事詩(甄選),,敘事詩決審委員：林亨泰、楊牧、齊邦媛、鄭臻、羅宗濤。,
176,時報文學獎,第五屆,1982,,洛夫：血的再版,敘事詩(推薦),,敘事詩決審委員：林亨泰、楊牧、齊邦媛、鄭臻、羅宗濤。,
177,時報文學獎,第五屆,1982,,蔣勳：母親,敘事詩(特別),,敘事詩決審委員：林亨泰、楊牧、齊邦媛、鄭臻、羅宗濤。,因寫作手法與推薦獎不同，為鼓勵不同的創作風格，故贈加此項特別獎。
178,時報文學獎,第五屆,1982,首獎,吳鳴：湖邊的沉思,散文(甄選),,散文決審委員：王夢鷗、余光中、何欣、林文月、張曉風。,
179,時報文學獎,第五屆,1982,優等,林清玄：籮筐,散文(甄選),,散文決審委員：王夢鷗、余光中、何欣、林文月、張曉風。,
180,時報文學獎,第五屆,1982,優等,郭明福：父親大人,散文(甄選),,散文決審委員：王夢鷗、余光中、何欣、林文月、張曉風。,
181,時報文學獎,第五屆,1982,優等,苦苓(王裕仁)：嶺上,散文(甄選),,散文決審委員：王夢鷗、余光中、何欣、林文月、張曉風。,
182,時報文學獎,第五屆,1982,佳作,蘇浩志：祭牲,散文(甄選),,散文決審委員：王夢鷗、余光中、何欣、林文月、張曉風。,
183,時報文學獎,第五屆,1982,佳作,許金枝：撿骨,散文(甄選),,散文決審委員：王夢鷗、余光中、何欣、林文月、張曉風。,
184,時報文學獎,第五屆,1982,佳作,林柏燕：兩三燈火,散文(甄選),,散文決審委員：王夢鷗、余光中、何欣、林文月、張曉風。,
185,時報文學獎,第五屆,1982,佳作,陳煌：登陸記事,散文(甄選),,散文決審委員：王夢鷗、余光中、何欣、林文月、張曉風。,
186,時報文學獎,第五屆,1982,佳作,張貴興：血雨,散文(甄選),,散文決審委員：王夢鷗、余光中、何欣、林文月、張曉風。,
187,時報文學獎,第五屆,1982,,洪素麗：傻子等篇,散文(推薦),,散文決審委員：王夢鷗、余光中、何欣、林文月、張曉風。,
188,時報文學獎,第五屆,1982,報導文學獎,安溪(吳英明)：泰北行記,報導文學(甄選),,報導文學決審委員：林懷民、唐文標、張系國、黃肇珩、漢寶德。,本屆甄選報導文學「首獎」，從缺。
189,時報文學獎,第五屆,1982,報導文學獎,葉菲：被遺忘的一群,報導文學(甄選),,報導文學決審委員：林懷民、唐文標、張系國、黃肇珩、漢寶德。,
190,時報文學獎,第五屆,1982,,柏楊：金三角．邊區．荒城,報導文學(推薦),,報導文學決審委員：林懷民、唐文標、張系國、黃肇珩、漢寶德。,
191,時報文學獎,第六屆,1983,首獎,李渝：江行初雪,小說(甄選),,小說決審委員：王文興、水晶、尼洛、馬森、鍾肇政。,此屆給獎名額大有更動，獎額減少，成為日後規模。
192,時報文學獎,第六屆,1983,,陳映真：山路,小說(推薦),,小說決審委員：王文興、水晶、尼洛、馬森、鍾肇政。,
193,時報文學獎,第六屆,1983,並列,蔡文華：侯鳥悲歌,新詩(評審),,新詩決審委員：余光中、林亨泰、洛夫、張漢良、鄭愁予。,本屆評選新詩「首獎」，從缺。
194,時報文學獎,第六屆,1983,並列,陳克華：建築,新詩(評審),,新詩決審委員：余光中、林亨泰、洛夫、張漢良、鄭愁予。,
195,時報文學獎,第六屆,1983,並列,蘇紹連：深巷,新詩(評審),,新詩決審委員：余光中、林亨泰、洛夫、張漢良、鄭愁予。,
196,時報文學獎,第六屆,1983,並列,王福東：旅人之歌,新詩(評審),,新詩決審委員：余光中、林亨泰、洛夫、張漢良、鄭愁予。,
197,時報文學獎,第六屆,1983,並列,林彧：都市系列,新詩(推薦),,新詩決審委員：余光中、林亨泰、洛夫、張漢良、鄭愁予。,
198,時報文學獎,第六屆,1983,並列,羅智成：離騷,新詩(推薦),簡政珍主編，《新世代詩人精選集》(書林，1998年),新詩決審委員：余光中、林亨泰、洛夫、張漢良、鄭愁予。,
199,時報文學獎,第六屆,1983,首獎,林野：藥理實驗室,散文(甄選),,散文決審委員：方瑜、吳宏一、李歐梵、林文月、顏元叔。,
200,時報文學獎,第六屆,1983,,林清玄：紅心番薯,散文(評審),,散文決審委員：方瑜、吳宏一、李歐梵、林文月、顏元叔。,
201,時報文學獎,第六屆,1983,,陳冠學：田園之秋,散文(推薦),,散文決審委員：方瑜、吳宏一、李歐梵、林文月、顏元叔。,
202,時報文學獎,第六屆,1983,優秀作家獎,葉文可,,,,本屆特設「優秀作家獎」。
203,時報文學獎,第七屆,1984,首獎,袁瓊瓊：滄桑,小說(甄選),,小說決審委員：王文興、白先勇、司馬中原、孫述宇、葉石濤。,
204,時報文學獎,第七屆,1984,評審獎,張國立：小鎮上發生的罪行,小說(甄選),,小說決審委員：王文興、白先勇、司馬中原、孫述宇、葉石濤。,
205,時報文學獎,第七屆,1984,評審獎,彭小妍：圓房,小說(甄選),,小說決審委員：王文興、白先勇、司馬中原、孫述宇、葉石濤。,
206,時報文學獎,第七屆,1984,評審獎,嚴大為：沒有嗅覺的人,小說(甄選),,小說決審委員：王文興、白先勇、司馬中原、孫述宇、葉石濤。,
207,時報文學獎,第七屆,1984,,蕭颯(蕭慶餘)：「小葉」等四篇,小說(推薦),,小說決審委員：王文興、白先勇、司馬中原、孫述宇、葉石濤。,
208,時報文學獎,第七屆,1984,首獎,范盛泓：問,科幻小說,後輯結收錄於張系國編，《七十三年科幻小說選》，台北：知識系統出版,科幻小說決審委員：王建元、沈君山、張系國。,本屆首設「科幻小說獎」。
209,時報文學獎,第七屆,1984,首獎,張大春：傷逝者,科幻小說,後輯結收錄於張系國編，《七十三年科幻小說選》，台北：知識系統出版,科幻小說決審委員：王建元、沈君山、張系國。,
210,時報文學獎,第七屆,1984,佳作,林燿德(林耀德)：雙星浮沉路,科幻小說,後輯結收錄於張系國編，《七十三年科幻小說選》，台北：知識系統出版,科幻小說決審委員：王建元、沈君山、張系國。,
211,時報文學獎,第七屆,1984,佳作,黃凡：戰爭最高指導原則,科幻小說,後輯結收錄於張系國編，《七十三年科幻小說選》，台北：知識系統出版,科幻小說決審委員：王建元、沈君山、張系國。,
212,時報文學獎,第七屆,1984,佳作,何復辰：桃子的滋味,科幻小說,後輯結收錄於張系國編，《七十三年科幻小說選》，台北：知識系統出版,科幻小說決審委員：王建元、沈君山、張系國。,
213,時報文學獎,第七屆,1984,首獎,陳煌：煙灰缸及其他,新詩(甄選),向明編，《七十三年詩選》(爾雅，1985年),新詩決審委員：白荻、余光中、吳宏一、張漢良、張錯。,
214,時報文學獎,第七屆,1984,評審獎,蘇紹連：三代,新詩(甄選),簡政珍主編，《新世代詩人精選集》(書林，1998年),新詩決審委員：白荻、余光中、吳宏一、張漢良、張錯。,
215,時報文學獎,第七屆,1984,評審獎,宋建徳：車站的阿拉伯人,新詩(甄選),,新詩決審委員：白荻、余光中、吳宏一、張漢良、張錯。,
216,時報文學獎,第七屆,1984,,劉克襄：「美麗小世界」等十首,新詩(推薦),向明編，《七十三年詩選》(爾雅，1985年),新詩決審委員：白荻、余光中、吳宏一、張漢良、張錯。,
217,時報文學獎,第七屆,1984,首獎,林清玄：迷路的雲,散文(甄選),,散文決審委員：方瑜、林文月、唐德剛、逯耀東、羅龍治。,
218,時報文學獎,第七屆,1984,評審獎,徐植蔚：剃眉記,散文(甄選),,散文決審委員：方瑜、林文月、唐德剛、逯耀東、羅龍治。,
219,時報文學獎,第七屆,1984,,熊秉明：關於羅丹,散文(推薦),,散文決審委員：方瑜、林文月、唐德剛、逯耀東、羅龍治。,
220,時報文學獎,第八屆,1985,首獎,周腓力：一週大事,小說(甄選),,小說決審委員：王文興、水晶、金恆杰、馬森、龍應台。,
221,時報文學獎,第八屆,1985,評審獎,盧非易：人生,小說(甄選),,小說決審委員：王文興、水晶、金恆杰、馬森、龍應台。,
222,時報文學獎,第八屆,1985,評審獎,藍博洲：喪逝,小說(甄選),,小說決審委員：王文興、水晶、金恆杰、馬森、龍應台。,
223,時報文學獎,第八屆,1985,,七等生：「哭泣的墾丁門」等四篇,小說(推薦),,小說決審委員：王文興、水晶、金恆杰、馬森、龍應台。,
224,時報文學獎,第八屆,1985,首獎,葉言都：我愛溫諾娜,科幻小說,張系國編，《七十四年科幻小說選》(知識系統出版，1986),科幻小說決審委員：王建元、沈君山、張系國。,
225,時報文學獎,第八屆,1985,首獎,駱柏迪：文明毀滅計畫,科幻小說,,科幻小說決審委員：王建元、沈君山、張系國。,
226,時報文學獎,第八屆,1985,佳作,高正奕：感謝小兄弟,科幻小說,,科幻小說決審委員：王建元、沈君山、張系國。,
227,時報文學獎,第八屆,1985,佳作,許順鏜：混沌之死,科幻小說,,科幻小說決審委員：王建元、沈君山、張系國。,
228,時報文學獎,第八屆,1985,佳作,何復辰：夕沉,科幻小說,,科幻小說決審委員：王建元、沈君山、張系國。,
229,時報文學獎,第八屆,1985,首獎,沙笛：蜕之後,新詩(甄選),,新詩決審委員：桓夫、吳宏一、商禽、熊秉明、顏元叔。,
230,時報文學獎,第八屆,1985,評審獎,陳克華：病室詩抄,新詩(甄選),,新詩決審委員：桓夫、吳宏一、商禽、熊秉明、顏元叔。,
231,時報文學獎,第八屆,1985,,余光中：「十年看山」等十首,新詩(推薦),,新詩決審委員：桓夫、吳宏一、商禽、熊秉明、顏元叔。,
232,時報文學獎,第八屆,1985,首獎,詹西玉：竹之情,散文(甄選),,散文決審委員：方瑜、林文月、高信疆、莊因、董橋。,
233,時報文學獎,第八屆,1985,首獎,銀正雄：沉痛的感覺,散文(甄選),,散文決審委員：方瑜、林文月、高信疆、莊因、董橋。,
234,時報文學獎,第八屆,1985,,蔣勳：萍水相逢,散文(推薦),《萍水相逢》，蔣勳首本散文集。,散文決審委員：方瑜、林文月、高信疆、莊因、董橋。,
235,時報文學獎,第九屆,1986,首獎,張大春：將軍碑,小說(甄選),《將軍碑──第九屆「時報 文學獎」得獎作品集》 (1986.12),小說決審委員：尼洛、孫述宇、陳映真、齊邦媛、劉紹銘。,「文學特別貢獻獎」頒予梁實秋
236,時報文學獎,第九屆,1986,優等,張國立：老金的護照,小說(甄選),,小說決審委員：尼洛、孫述宇、陳映真、齊邦媛、劉紹銘。,本屆小說甄選「評審獎」，從缺。
237,時報文學獎,第九屆,1986,優等,郭麗華：他是阿誰,小說(甄選),,小說決審委員：尼洛、孫述宇、陳映真、齊邦媛、劉紹銘。,
238,時報文學獎,第九屆,1986,,李永平：吉陵春秋,小說(推薦),,小說決審委員：尼洛、孫述宇、陳映真、齊邦媛、劉紹銘。,
239,時報文學獎,第九屆,1986,第一屆張系國科幻小說獎,裘正：窺夢恨,,,科幻小說決審委員：周浩正、葉言都、張系國。,本屆科幻小說獎，首度易名「張系國科幻小說獎」。
240,時報文學獎,第九屆,1986,評審獎,王添源：我不會悸動的心,新詩(甄選),向陽編，《七十五年詩選》(爾雅，1987年),新詩決審委員：林亨泰、季紅、高信疆、張漢良、鄭愁予。,本屆甄選新詩「首獎」，從缺。
241,時報文學獎,第九屆,1986,優等,陳克華：室內設計,新詩(甄選),向陽編，《七十五年詩選》(爾雅，1987年)簡政珍主編，《新世代詩人精選集》(書林，1998年),新詩決審委員：林亨泰、季紅、高信疆、張漢良、鄭愁予。,
242,時報文學獎,第九屆,1986,佳作,游喚(游志誠)：帝出記,新詩(甄選),,新詩決審委員：林亨泰、季紅、高信疆、張漢良、鄭愁予。,
243,時報文學獎,第九屆,1986,佳作,楊平(楊濟平)：坐看雲起時,新詩(甄選),,新詩決審委員：林亨泰、季紅、高信疆、張漢良、鄭愁予。,
244,時報文學獎,第九屆,1986,並列,林燿德：銀碗盛雪,新詩(推薦),,新詩決審委員：林亨泰、季紅、高信疆、張漢良、鄭愁予。,
245,時報文學獎,第九屆,1986,並列,羅智成：說書人柳敬亭,新詩(推薦),向陽編，《七十五年詩選》(爾雅，1987年),新詩決審委員：林亨泰、季紅、高信疆、張漢良、鄭愁予。,
246,時報文學獎,第九屆,1986,首獎,陳金(陳奐廷)：在曠野中獵日,散文(甄選),,散文決審委員：余光中、陳冠學、逯耀東、楊牧、敻虹。,
247,時報文學獎,第九屆,1986,評審,李金蓮：在碧寮村渡過的耶誕之夜,散文(甄選),,散文決審委員：余光中、陳冠學、逯耀東、楊牧、敻虹。,
248,時報文學獎,第九屆,1986,優等,劉還月(劉魏銘)：最後的信天翁,散文(甄選),,散文決審委員：余光中、陳冠學、逯耀東、楊牧、敻虹。,
249,時報文學獎,第九屆,1986,,林文月：午後書房,散文(推薦),,散文決審委員：余光中、陳冠學、逯耀東、楊牧、敻虹。,
250,時報文學獎,第九屆,1986,首獎,孫晴峰：小紅,童話創作(甄選),,童話創作決審委員：林良、林海音、吳美雲、奚淞、雷驤。,
251,時報文學獎,第九屆,1986,評審,張如鈞：奇奇鎮的怪事,童話創作(甄選),,童話創作決審委員：林良、林海音、吳美雲、奚淞、雷驤。,
252,時報文學獎,第九屆,1986,優等,李淑真：柚子花,童話創作(甄選),,童話創作決審委員：林良、林海音、吳美雲、奚淞、雷驤。,
253,時報文學獎,第九屆,1986,,李玉珠：「魔術雲」等14篇,童話創作(推薦),,童話創作決審委員：林良、林海音、吳美雲、奚淞、雷驤。,
254,時報文學獎,第十屆,1987,評審獎,李潼(賴西安)：恭禧發財,小說(甄選),《昆蟲紀事──第十屆「時報文學獎」得獎作品集》(1987.12),短篇小說決審委員：王拓、司馬中原、李渝、施淑女、蔡源煌。,本屆甄選小說「首獎」，從缺。葉石濤《台灣文學史綱》獲「文學特別貢獻獎」
255,時報文學獎,第十屆,1987,優等,苔青(吳泰清)：在獸醫的桌旁,小說(甄選),,短篇小說決審委員：王拓、司馬中原、李渝、施淑女、蔡源煌。,
256,時報文學獎,第十屆,1987,佳作,林柏燕：江建亞,小說(甄選),,短篇小說決審委員：王拓、司馬中原、李渝、施淑女、蔡源煌。,
257,時報文學獎,第十屆,1987,佳作,于桑(李富美)：觀貓者,小說(甄選),,短篇小說決審委員：王拓、司馬中原、李渝、施淑女、蔡源煌。,
258,時報文學獎,第十屆,1987,佳作,朱天心：十日談,小說(甄選),,短篇小說決審委員：王拓、司馬中原、李渝、施淑女、蔡源煌。,
259,時報文學獎,第十屆,1987,佳作,吳晉(吳淑美)：侏儒馬秋,小說(甄選),,短篇小說決審委員：王拓、司馬中原、李渝、施淑女、蔡源煌。,
260,時報文學獎,第十屆,1987,,雷驤：矢之志,小說(推薦),,短篇小說決審委員：王拓、司馬中原、李渝、施淑女、蔡源煌。,
261,時報文學獎,第十屆,1987,並列,張貴興：柯珊的兒女,中篇小說(甄選),,中篇小說決審委員：王文興、陳映真、葉石濤、龍應台。,本屆首設「中篇小說獎」。
262,時報文學獎,第十屆,1987,並列,張藹珠：小男人,中篇小說(甄選),,中篇小說決審委員：王文興、陳映真、葉石濤、龍應台。,
263,時報文學獎,第十屆,1987,首獎,廖志堅：深藍色海洋,第二屆張系國科幻小說獎,,科幻小說決審委員：沈君山、周浩正、張系國。,
264,時報文學獎,第十屆,1987,首獎,李瘦蝶(陳志文)：昆蟲紀事,新詩(甄選),,新詩決審委員：白荻、吳宏一、商禽、楊牧、敻虹。,
265,時報文學獎,第十屆,1987,評審,黃智溶：今夜妳莫要踏入我的夢境,新詩(甄選),,新詩決審委員：白荻、吳宏一、商禽、楊牧、敻虹。,
266,時報文學獎,第十屆,1987,優等,劉滌凡：永恆的鄉愁,新詩(甄選),,新詩決審委員：白荻、吳宏一、商禽、楊牧、敻虹。,
267,時報文學獎,第十屆,1987,,鄭愁予：「黃土地」等十首,新詩(推薦),,新詩決審委員：白荻、吳宏一、商禽、楊牧、敻虹。,
268,時報文學獎,第十屆,1987,評審,王家祥：文明荒野,散文(甄選),,散文決審委員：七等生、方瑜、林海音、林良、董橋。,本屆甄選散文「首獎」，從缺。
269,時報文學獎,第十屆,1987,優等,陳幸蕙：向日葵,散文(甄選),,散文決審委員：七等生、方瑜、林海音、林良、董橋。,
270,時報文學獎,第十屆,1987,佳作,江仁安：病房感思,散文(甄選),,散文決審委員：七等生、方瑜、林海音、林良、董橋。,
271,時報文學獎,第十屆,1987,佳作,黃慧鶯：起居注,散文(甄選),,散文決審委員：七等生、方瑜、林海音、林良、董橋。,
272,時報文學獎,第十屆,1987,佳作,平路(路平)：恐怖電影,散文(甄選),,散文決審委員：七等生、方瑜、林海音、林良、董橋。,
273,時報文學獎,第十屆,1987,,楊牧：山風海雨,散文(推薦),,散文決審委員：七等生、方瑜、林海音、林良、董橋。,
274,時報文學獎,第十一屆,1988,首獎,洪祖瓊(陳慧瓊，1960─)：美麗,短篇小說(甄選),,短篇小說決審委員：莊信正、劉紹銘、葉石濤、王德威、雷驤。,《美麗──第十一屆時報文「為慶祝時報文學獎進入學獎得獎作品集》(1988.12)第十一年，本屆特增設推理小說獎」
275,時報文學獎,第十一屆,1988,評審獎,李潼(賴西安，1953─)：屏東姑丈,短篇小說(甄選),,短篇小說決審委員：莊信正、劉紹銘、葉石濤、王德威、雷驤。,
276,時報文學獎,第十一屆,1988,優等,江慧君(1957─)：開了一朵小白花,短篇小說(甄選),,短篇小說決審委員：莊信正、劉紹銘、葉石濤、王德威、雷驤。,
277,時報文學獎,第十一屆,1988,並列,沙究(胡幸雄，1941─)：「黃昏過客」等七篇,短篇小說(推薦),,短篇小說決審委員：莊信正、劉紹銘、葉石濤、王德威、雷驤。,
278,時報文學獎,第十一屆,1988,並列,西西(張彥，1938─)：手卷,短篇小說(推薦),,短篇小說決審委員：莊信正、劉紹銘、葉石濤、王德威、雷驤。,
279,時報文學獎,第十一屆,1988,佳作,許順鏜(1966─)：外遇,第三屆張系國科幻小說獎,,科幻小說決審委員：周浩正、張系國、葉言都。,本屆張系國科幻小說甄選「首獎」，從缺。
280,時報文學獎,第十一屆,1988,首獎,葉言都(1949─)：一六四九,推理小說獎,,推理小說決審委員：司馬中原、林佛兒、景翔。,
281,時報文學獎,第十一屆,1988,評審獎,徐凌(孫金凌，1964─)：目擊者,推理小說獎,,推理小說決審委員：司馬中原、林佛兒、景翔。,
282,時報文學獎,第十一屆,1988,評審獎,羅元信(1969─)：隱藏的毒念,推理小說獎,,推理小說決審委員：司馬中原、林佛兒、景翔。,
283,時報文學獎,第十一屆,1988,首獎,蘇紹連(1949─)：童話遊行,新詩(甄選),張默編，《七十七年詩選》(爾雅，1989年),新詩決審委員：余光中、林亨泰、洛夫、張錯、鄭愁予。,
284,時報文學獎,第十一屆,1988,評審獎,李渡予(李啟源，1960─)：錄鬼簿,新詩(甄選),,新詩決審委員：余光中、林亨泰、洛夫、張錯、鄭愁予。,
285,時報文學獎,第十一屆,1988,優等獎,羅英(生年不詳)：請牢記你置身的場景,新詩(甄選),,新詩決審委員：余光中、林亨泰、洛夫、張錯、鄭愁予。,
286,時報文學獎,第十一屆,1988,,羅門(韓仁存)：整個世界停止呼吸在起跑線上,新詩(推薦),,新詩決審委員：余光中、林亨泰、洛夫、張錯、鄭愁予。,
287,時報文學獎,第十一屆,1988,評審獎,陳少聰(1941─)：春茶,散文(甄選),,散文決審委員：子敏、王文興、林文月、許達然、蔣勳。,本屆甄選散文「首獎」，從缺。
288,時報文學獎,第十一屆,1988,優等獎,柯翠芬(1957─)：酒與補品的故事,散文(甄選),,散文決審委員：子敏、王文興、林文月、許達然、蔣勳。,
289,時報文學獎,第十一屆,1988,優等獎,柳邊生(劉文斌，1963─)：山野的呼喚,散文(甄選),,散文決審委員：子敏、王文興、林文月、許達然、蔣勳。,
290,時報文學獎,第十一屆,1988,佳作,張紫蘭(1961─)：祖母之死,散文(甄選),,散文決審委員：子敏、王文興、林文月、許達然、蔣勳。,
291,時報文學獎,第十一屆,1988,佳作,逸竹(陳秋見，1954─)：魂夢駝鈴,散文(甄選),,散文決審委員：子敏、王文興、林文月、許達然、蔣勳。,
292,時報文學獎,第十一屆,1988,,王鼎鈞：左心房漩渦,散文(推薦),,散文決審委員：子敏、王文興、林文月、許達然、蔣勳。,
293,時報文學獎,第十二屆,1989,首獎,楚狂人(黃嵐，1967─)：語錄狂,短篇小說(甄選),《語錄狂──第十二屆時報文學獎得獎作品集》(1989.12),,本屆辦法更改，《語》附錄收有〈有關第十二屆「推薦獎」作業的幾點說明〉，請逕行參看。
294,時報文學獎,第十二屆,1989,並列,苦苓(王裕仁，1955─)：貝勒爺吉祥,短篇小說(推薦發表),,,短篇小說決審委員：司馬中原、李永平、施淑女、蔡源煌、聶華苓。
295,時報文學獎,第十二屆,1989,並列,張德寧(1951─)：換了頭抑或換了身體,短篇小說(推薦發表),,,短篇小說決審委員：司馬中原、李永平、施淑女、蔡源煌、聶華苓。
296,時報文學獎,第十二屆,1989,並列,劉劍波(1960─)：海的誘惑,短篇小說(推薦發表),,,短篇小說決審委員：司馬中原、李永平、施淑女、蔡源煌、聶華苓。
297,時報文學獎,第十二屆,1989,首獎,葉李華：戲,科幻小說,,,科幻小說決審委員：沈君山、倪匡、張大春、張系國、詹宏志。
298,時報文學獎,第十二屆,1989,首獎,羅巴(陳壽星，1964─)：物質的深度,新詩(甄選),,,新詩決審委員：白荻、吳宏一、商禽、楊牧、敻虹。
299,時報文學獎,第十二屆,1989,並列,陳克華(1961─)：狂人日記．一九八九,新詩(推薦發表),,,新詩決審委員：白荻、吳宏一、商禽、楊牧、敻虹。
300,時報文學獎,第十二屆,1989,並列,李渡予(李啟源，1960─)：艋舺狂想曲,新詩(推薦發表),,,新詩決審委員：白荻、吳宏一、商禽、楊牧、敻虹。
301,時報文學獎,第十二屆,1989,並列首獎,陳煌(陳輝煌，1954─)：鴿子托里,散文(甄選),,,散文決審委員：七等生、汪曾祺(大陸)、柏楊、姚一葦、張曉風。
302,時報文學獎,第十二屆,1989,並列首獎,林幸謙(1963─)：赤道線上,散文(甄選),,,散文決審委員：七等生、汪曾祺(大陸)、柏楊、姚一葦、張曉風。
303,時報文學獎,第十二屆,1989,並列,郭真君(1962─)：在了解的邊緣,散文(推薦發表),,,散文決審委員：七等生、汪曾祺(大陸)、柏楊、姚一葦、張曉風。
304,時報文學獎,第十二屆,1989,,臺靜農(1902─)：龍坡雜文,推薦獎(國內地區代表),,,
305,時報文學獎,第十二屆,1989,,李銳(1950─)：厚土,推薦獎(海外地區代表),,,
306,時報文學獎,第十三屆,1990,首獎,賀景濱(1958─)：速度的故事,短篇小說(甄選),《手槍王──第十三、十四屆時報文學獎得獎作品集》(1991.10),短篇小說決審委員：李昂、宋澤萊、何春蕤、林懷民、張大春。,
307,時報文學獎,第十三屆,1990,首獎,李渡予(李啟源，1960─)：我們明日的廣告辭大展,新詩(甄選),,新詩決審委員：向陽、陳千武、楊澤、葉嘉瑩、蔣勳。,
308,時報文學獎,第十三屆,1990,首獎,蔡深江(1965─)：漫步經心,散文(甄選),,散文決審委員：余光中、陳列、黃碧端、楊牧、雷驤。,
309,時報文學獎,第十三屆,1990,,陳黎(陳膺文，1954─)：小丑畢費的戀歌,推薦獎(國內地區代表),簡政珍主編，《新世代詩人精選集》(書林，1998年)方群、孟樊、須文蔚主編，《現代新詩讀本》(揚智文化，2004年),,
310,時報文學獎,第十三屆,1990,,劉大任(1939─)：晚風習習,推薦獎(海外地區代表),,,
311,時報文學獎,第十四屆,1991,並列,駱以軍(1967─)：手槍王,短篇小說(甄選),《手槍王──第十三、十四 屆時報文學獎得獎作品集》 (1991.10),短篇小說決審委員：呂正惠、姚一葦、雷驤、劉大任、鄭清文。,
312,時報文學獎,第十四屆,1991,並列,陳培豐(1954─)：歐多桑的時代,短篇小說(甄選),,短篇小說決審委員：呂正惠、姚一葦、雷驤、劉大任、鄭清文。,
313,時報文學獎,第十四屆,1991,並列,譚石(王浩威，1960─)：我和自己去旅行,新詩(甄選),,新詩決審委員：余光中、林亨泰、商禽、鄭愁予、羅智成。,
314,時報文學獎,第十四屆,1991,並列,李宗榮(1968─)：〈幻愛〉詩組曲,新詩(推薦發表),,新詩決審委員：余光中、林亨泰、商禽、鄭愁予、羅智成。,
315,時報文學獎,第十四屆,1991,並列,侯吉諒(1958─)：不連續主題變奏：時代瑣事,新詩(推薦發表),,新詩決審委員：余光中、林亨泰、商禽、鄭愁予、羅智成。,
316,時報文學獎,第十四屆,1991,,涂惠屏(1953─)：堂屋的事,散文(甄選),,散文決審委員：方瑜、王文興、林良、張大春、葉石濤。,
317,時報文學獎,第十四屆,1991,首獎,胡平(1947─，江西人)：井崗山，沉思的哲人,報導文學(甄選),,報導文學決審委員：柏楊、南方朔、高信疆、董橋、蔡源煌。,
318,時報文學獎,第十四屆,1991,優等,李昂(1952─)：鹿窟紀事,報導文學(甄選),,報導文學決審委員：柏楊、南方朔、高信疆、董橋、蔡源煌。,
319,時報文學獎,第十四屆,1991,,鄧宗德(1966─)：斷了臍帶的形式語言？──評八0年代的都市地景,文化評論(甄選),,文化評論決審委員：李永熾、杭之、高友工、勞斯光、詹宏志。,首設「文化評論獎」。
320,時報文學獎,第十四屆,1991,,陳列(陳瑞麟，1946─)：永遠的山,推薦獎,,文化評論決審委員：李永熾、杭之、高友工、勞斯光、詹宏志。,
321,時報文學獎,第十五屆,1992,首獎,遠人(王立德，1946─)：異鄉人,短篇小說(甄選),《異鄉人──第十五屆時報文學獎得獎作品集》(1992.12),短篇小說決審委員：東年、葉石濤、廖炳惠、鄭樹森、龍應台。,來稿269篇(國內211、海外35、大陸23)(合格242)，複審40篇，決審14篇。本屆起預計每年舉辦「現代台灣文學講座」，首屆由王文興主講。文學獎揭曉，同時公佈「第一屆時報文學百萬小說獎」。
322,時報文學獎,第十五屆,1992,評審獎,馬奎元(1964─)：拼圖,短篇小說(甄選),,短篇小說決審委員：東年、葉石濤、廖炳惠、鄭樹森、龍應台。,
323,時報文學獎,第十五屆,1992,評審獎,師瓊瑜(1968─)：秋天的婚禮,短篇小說(甄選),,短篇小說決審委員：東年、葉石濤、廖炳惠、鄭樹森、龍應台。,
324,時報文學獎,第十五屆,1992,並列,朱天心(1958─)：想我眷村的兄弟們,小說(推薦),江寶釵、范銘如編，《島嶼妏聲》(巨流，2000年),短篇小說決審委員：東年、葉石濤、廖炳惠、鄭樹森、龍應台。,
325,時報文學獎,第十五屆,1992,並列,廖嘉展(1962─)：月亮的小孩,小說(推薦),,短篇小說決審委員：東年、葉石濤、廖炳惠、鄭樹森、龍應台。,
326,時報文學獎,第十五屆,1992,首獎,孫維民(1959─)：三株盆栽和它們的主人,新詩(甄選),,新詩決審委員：白荻、林泠、陳黎、蔣勳、戴天。,來稿433篇(合格365，國內305、海外28、大陸23)，複審49篇，決審12篇。
327,時報文學獎,第十五屆,1992,評審獎,侯吉諒(1958─)：如畫,新詩(甄選),,新詩決審委員：白荻、林泠、陳黎、蔣勳、戴天。,原題為〈如畫──讀江兆申先生水墨新作〉
328,時報文學獎,第十五屆,1992,評審獎,陳大為(1969─)：治洪前書,新詩(甄選),,新詩決審委員：白荻、林泠、陳黎、蔣勳、戴天。,
329,時報文學獎,第十五屆,1992,首獎,簡媜(1961─)：母者,散文(甄選),陳義芝主編，《散文20家——台灣文學二十年集(二)》(九歌，1998),散文決審委員：余光中、林良、楊牧、阿盛、高大鵬。,來稿178篇(國內133、海外24、大陸21)(合格137)，複審37篇，決審12篇。
330,時報文學獎,第十五屆,1992,評審獎,徐慧(1953─)：看電影記,散文(甄選),,散文決審委員：余光中、林良、楊牧、阿盛、高大鵬。,
331,時報文學獎,第十五屆,1992,首獎,楊南郡(1931─)：斯卡羅遺事,報導文學(甄選),,報導文學決審委員：姚一葦、林懷民、舒國治、逯耀東。,來稿39篇(合格35，國內26、海外5、大陸4)，複審49篇，決審12篇。
332,時報文學獎,第十五屆,1992,評審獎,沈振中(1954─)：叉翅、白斑與浪先生─記基隆的一群老鷹,報導文學(甄選),,報導文學決審委員：姚一葦、林懷民、舒國治、逯耀東。,
333,時報文學獎,第十六屆,1993,首獎,裴在美(裴洵言，1957─)：耶穌喜愛的小孩,短篇小說(甄選),《耶穌喜愛的小孩──第十六屆時報文學獎得獎作品集》(1993.12),短篇小說決審委員：葉石濤、蔡源煌、東年、張大春、平路。,
334,時報文學獎,第十六屆,1993,評審獎,江邊(林靖傑，1967─)：傾斜之地,短篇小說(甄選),,短篇小說決審委員：葉石濤、蔡源煌、東年、張大春、平路。,
335,時報文學獎,第十六屆,1993,評審獎,屠佳(1945─)：新店鵓鴣,短篇小說(甄選),,短篇小說決審委員：葉石濤、蔡源煌、東年、張大春、平路。,原籍浙江人，1987年來台
336,時報文學獎,第十六屆,1993,首獎,鴻鴻(閻鴻亞，1964─)：一滴果汁滴落,新詩(甄選),方群、孟樊、須文蔚主編，《現代新詩讀本》(揚智文化，2004年),新詩決審委員：楊牧、鄭愁予、陳芳明、鄭樹森、向陽。,
337,時報文學獎,第十六屆,1993,評審獎,彭譽之(1967─)：存在的重量,新詩(甄選),,新詩決審委員：楊牧、鄭愁予、陳芳明、鄭樹森、向陽。,
338,時報文學獎,第十六屆,1993,評審獎,馮傑(1964─)：書法的中國,新詩(甄選),,新詩決審委員：楊牧、鄭愁予、陳芳明、鄭樹森、向陽。,
339,時報文學獎,第十六屆,1993,首獎,林燿德(林耀德，1962─)：銅夢,散文(甄選),,散文決審委員：余光中、齊邦媛、莊信正、莊裕安、簡媜。,來稿133篇(合格110)，複審29篇，決審10篇。
340,時報文學獎,第十六屆,1993,評審獎,廖鴻基(1957─)：丁挽,散文(甄選),,散文決審委員：余光中、齊邦媛、莊信正、莊裕安、簡媜。,
341,時報文學獎,第十六屆,1993,首獎,鄧相揚(1951─)：霧重雲深──一個泰雅家庭的故事,報導文學(甄選),,報導文學決審委員：柏楊、楊憲宏、劉克襄。,來稿39篇(合格37，國內32、海外3、大陸2)，決審11篇(國內10、海外1)。
342,時報文學獎,第十六屆,1993,評審獎,瓦歷斯．尤幹(漢名吳俊傑，1961─)：Mihuo──土地紀事,報導文學(甄選),,報導文學決審委員：柏楊、楊憲宏、劉克襄。,
343,時報文學獎,第十六屆,1993,並列,鄭清文(1932─)：相思子花,推薦獎,,,
344,時報文學獎,第十六屆,1993,並列,陳義芝(1953─)：遙遠之歌,推薦獎,,,
345,時報文學獎,第十七屆,1994,首獎,袁哲生(1966─2004)：送行,小說(甄選),《送行──第十七屆時報文學獎得獎作品集》(1994.12),短篇小說決審委員：李昂、張大春、陳映真、鍾肇政、聶華苓。,來稿190篇(合格174)、複審36篇、決審11篇。
346,時報文學獎,第十七屆,1994,評審獎,畢淑敏(新疆人，1952─)：翻槳,小說(甄選),,短篇小說決審委員：李昂、張大春、陳映真、鍾肇政、聶華苓。,
347,時報文學獎,第十七屆,1994,評審獎,嚴歌苓(上海人，今在美，1958─)：紅羅裙,小說(甄選),,短篇小說決審委員：李昂、張大春、陳映真、鍾肇政、聶華苓。,
348,時報文學獎,第十七屆,1994,,張愛玲(1921─1995)：對照記,特別成就獎,,,本屆首設「特別成就獎」。
349,時報文學獎,第十七屆,1994,首獎,陳黎(陳膺文，1954─)：秋風吹下──給李可染,新詩(甄選),,新詩決審委員：楊牧、余光中、渡也、洛夫、張錯。,來稿285篇(合格251，國內227、海外4、大陸10)、複審49篇、決審10篇(國內9、大陸1)。
350,時報文學獎,第十七屆,1994,評審獎,戴瀅(戴寶珠，1965─)：臺灣苦楝──白色的年代,新詩(甄選),,新詩決審委員：楊牧、余光中、渡也、洛夫、張錯。,
351,時報文學獎,第十七屆,1994,評審獎,林燿德(林耀德，1962─)：女低音狂想曲,新詩(甄選),簡政珍主編，《新世代詩人精選集》(書林，1998年),新詩決審委員：楊牧、余光中、渡也、洛夫、張錯。,
352,時報文學獎,第十七屆,1994,首獎,江邊(林靖傑，1967─)：流浪者之歌,散文(甄選),,散文決審委員：隱地、張曉風、陳芳明、劉大任、李瑞騰。,來稿123篇(國內108、海外6、大陸9)(合格108)、複審32篇、決審11篇。
353,時報文學獎,第十七屆,1994,評審獎,林幸謙(1963─)：繁華的圖騰,散文(甄選),,散文決審委員：隱地、張曉風、陳芳明、劉大任、李瑞騰。,
354,時報文學獎,第十七屆,1994,首獎,瓦歷斯尤幹(見上)：LosinWadan──殖民、族群與個人,報導文學(甄選),,報導文學決審委員：金恆鑣、馬以工、平路。,來稿58篇，決審11篇。
355,時報文學獎,第十七屆,1994,評審獎,鄭禮忠(1969─)：逐夢的人,報導文學(甄選),,報導文學決審委員：金恆鑣、馬以工、平路。,
356,時報文學獎,第十八屆,1995,首獎,黃錦樹(1967─)：魚骸,小說(甄選),《魚骸──第十八屆時報文學獎得獎作品集》(1995.12)廖咸浩編，《八十四年短篇小說選》(爾雅),小說決審委員：張系國、詹宏志、施叔青、平路、陳芳明。,來稿123篇(國內108、海外6、大陸9)(合格108)、複審32篇、決審11篇。
357,時報文學獎,第十八屆,1995,評審獎,許銘義(1961─)：追獵,小說(甄選),,小說決審委員：張系國、詹宏志、施叔青、平路、陳芳明。,
358,時報文學獎,第十八屆,1995,評審獎,陳豐偉(1971─)：好男好女,小說(甄選),廖咸浩編，《八十四年短篇小說選》(爾雅),小說決審委員：張系國、詹宏志、施叔青、平路、陳芳明。,
359,時報文學獎,第十八屆,1995,,邱妙津(1969─1995)：鱷魚手記,推薦獎,江寶釵、范銘如編，《島嶼妏聲》(巨流，2000年),,
360,時報文學獎,第十八屆,1995,首獎,張善穎(1963─)：晚禱詞,新詩(甄選),,新詩決審委員：楊牧、席慕蓉、鄭樹森、敻虹、林瑞明。,來稿295篇(國內264、海外16、大陸15)(合格269)、複審50篇、決審10篇。
361,時報文學獎,第十八屆,1995,評審獎,羅葉(羅元輔，1965─)：尋屋,新詩(甄選),,新詩決審委員：楊牧、席慕蓉、鄭樹森、敻虹、林瑞明。,
362,時報文學獎,第十八屆,1995,評審獎,林燿德(見上)：人人都想向我索討食譜,新詩(甄選),,新詩決審委員：楊牧、席慕蓉、鄭樹森、敻虹、林瑞明。,
363,時報文學獎,第十八屆,1995,首獎,張啟疆(1961─)：導盲者,散文(甄選),,散文決審委員：姚一葦、蔣勳、簡媜、莊裕安、陳列。,來稿159篇(合格127)、複審33篇、決審10篇。
364,時報文學獎,第十八屆,1995,評審獎,廖鴻基(，38歲)：鐵魚,散文(甄選),,散文決審委員：姚一葦、蔣勳、簡媜、莊裕安、陳列。,
365,時報文學獎,第十八屆,1995,首獎,林雲閣(生年不詳)：八十萬年奇蹟身世換不來一世尊榮──台灣鮭魚族群的命運,報導文學(甄選),,報導文學決審委員：亮軒、劉大任、張大春。,來稿45篇(合格42，國內40、大陸2)，決審11篇。
366,時報文學獎,第十八屆,1995,評審獎,凌拂(凌俊嫻，)：兒童教育與人文思考──荒遠深山教學手記,報導文學(甄選),,報導文學決審委員：亮軒、劉大任、張大春。,
367,時報文學獎,第十九屆,1996,首獎,張啟疆：如廁者,小說(甄選),,小說決審委員：吳潛誠、施淑、蔡源煌、林水福、陳映真。,
368,時報文學獎,第十九屆,1996,評審獎,陳建志：穿過你的氣息我的回憶,小說(甄選),,小說決審委員：吳潛誠、施淑、蔡源煌、林水福、陳映真。,
369,時報文學獎,第十九屆,1996,評審獎,翁紹凱：夜集,小說(甄選),,小說決審委員：吳潛誠、施淑、蔡源煌、林水福、陳映真。,
370,時報文學獎,第十九屆,1996,,施叔青：遍山洋紫荊,小說(推薦),,,推薦獎兩人合得
371,時報文學獎,第十九屆,1996,,楊南郡：台灣百年前的足跡,小說(推薦),,,
372,時報文學獎,第十九屆,1996,首獎,簡捷(本名簡清淵)〈狩獵〉,新詩(甄選),,新詩決審委員：席慕蓉、鄭愁予、李魁賢、鄭樹森、陳長房。,
373,時報文學獎,第十九屆,1996,評審獎,李進文〈一枚西班牙錢幣的自助旅行〉,新詩(甄選),方群、孟樊、須文蔚主編，《現代新詩讀本》(揚智文化，2004年),新詩決審委員：席慕蓉、鄭愁予、李魁賢、鄭樹森、陳長房。,
374,時報文學獎,第十九屆,1996,評審獎,瓦歷斯.諾幹(漢名吳俊傑)〈伊能再踏查〉,新詩(甄選),,新詩決審委員：席慕蓉、鄭愁予、李魁賢、鄭樹森、陳長房。,
375,時報文學獎,第十九屆,1996,首獎,張啟疆〈失聰者〉,散文(甄選),,散文決審委員：姚一葦、黃碧端、楊牧、雷驤、顏崑陽。,
376,時報文學獎,第十九屆,1996,評審獎,王威智〈遺址通知〉,散文(甄選),,散文決審委員：姚一葦、黃碧端、楊牧、雷驤、顏崑陽。,
377,時報文學獎,第十九屆,1996,首獎,林雲閣〈山鬼的震怒〉,報導文學(甄選),,報導文學決審委員：馬以工、金恆鑣、南方朔。,
378,時報文學獎,第十九屆,1996,評審獎,楊樹清、張煥宇、曾吉賢〈消逝的漁民國特〉,報導文學(甄選),,報導文學決審委員：馬以工、金恆鑣、南方朔。,
379,時報文學獎,第二十屆,1997,首獎,陳淑瑤：女兒井,短篇小說(甄選),陳淑瑤，《海事》(聯合，1999)焦桐編，《八十六年短篇小說選》(爾雅),短篇小說決審委員：施叔青、劉紀蕙、東年、蔡源煌、陳雨航。,來稿合格130篇，複審43篇，決審11篇。
380,時報文學獎,第二十屆,1997,評審獎,陳俊欽：被觀看的人,短篇小說(甄選),,短篇小說決審委員：施叔青、劉紀蕙、東年、蔡源煌、陳雨航。,
381,時報文學獎,第二十屆,1997,評審獎,柯裕棻：一個作家死了,短篇小說(甄選),焦桐編，《八十六年短篇小說選》(爾雅),短篇小說決審委員：施叔青、劉紀蕙、東年、蔡源煌、陳雨航。,
382,時報文學獎,第二十屆,1997,首獎,大蒙(王英生)：綠色的一個早晨,新詩(甄選),,新詩決審委員：楊牧、向陽、席慕蓉、鍾玲、高大鵬。,
383,時報文學獎,第二十屆,1997,評審獎,唐捐：遊仙,新詩(甄選),,新詩決審委員：楊牧、向陽、席慕蓉、鍾玲、高大鵬。,
384,時報文學獎,第二十屆,1997,首獎,鍾怡雯：垂釣睡眠,散文(甄選),鍾怡雯、陳大為主編，《天下散文選》(天下遠見，2001),散文決審委員：逯耀東、黃碧端、陳萬益、隱地、莊信正。,
385,時報文學獎,第二十屆,1997,評審獎,簡捷：一天中的印象,散文(甄選),,散文決審委員：逯耀東、黃碧端、陳萬益、隱地、莊信正。,
386,時報文學獎,第二十屆,1997,首獎,王誠之：迷濛的松雀鷹之眼,報導文學(甄選),,報導文學決審委員：金恆鑣、古蒙仁、胡台麗。,
387,時報文學獎,第二十屆,1997,評審獎,凌拂：那一天我們要去看米羅,報導文學(甄選),,報導文學決審委員：金恆鑣、古蒙仁、胡台麗。,
388,時報文學獎,第二十屆,1997,,舞鶴：思索阿邦．卡露斯,推薦獎,,,
389,時報文學獎,第二十屆,1997,,蔣勳：島嶼獨白,第14屆吳魯芹散文獎,,,
390,時報文學獎,第二十一屆,1998,評審獎,鴻鴻：木馬,短篇小說,,短篇小說決審委員：鄭樹森、詹宏志、平路、廖咸浩、林水福。,來稿合格344篇，複審42篇，決審11篇。本屆小說甄選「首獎」，從缺。
391,時報文學獎,第二十一屆,1998,評審獎,張啟疆：得手,短篇小說,,短篇小說決審委員：鄭樹森、詹宏志、平路、廖咸浩、林水福。,
392,時報文學獎,第二十一屆,1998,佳作,陳建志：鏡子裡的秘密,短篇小說,,短篇小說決審委員：鄭樹森、詹宏志、平路、廖咸浩、林水福。,
393,時報文學獎,第二十一屆,1998,佳作,鐘文音：微醺的高原,短篇小說,,短篇小說決審委員：鄭樹森、詹宏志、平路、廖咸浩、林水福。,
394,時報文學獎,第二十一屆,1998,首獎,離畢華(盧兆琦)：普普坦之猜想,新詩,,新詩決審委員：席慕蓉、劉紀蕙、楊牧、李有成、林梵。,來稿合格306篇，複審48篇，決審12篇。
395,時報文學獎,第二十一屆,1998,評審獎,唐捐：我的詩和父親的痰,新詩,,新詩決審委員：席慕蓉、劉紀蕙、楊牧、李有成、林梵。,
396,時報文學獎,第二十一屆,1998,評審獎,李進文：大寂靜,新詩,,新詩決審委員：席慕蓉、劉紀蕙、楊牧、李有成、林梵。,
397,時報文學獎,第二十一屆,1998,首獎,郝譽翔：午後電話,散文,,散文決審委員：莊信正、張曉風、蔣勳、鐘玲、龔鵬程。,
398,時報文學獎,第二十一屆,1998,評審獎,呂政達：長夜暗羅,散文,,散文決審委員：莊信正、張曉風、蔣勳、鐘玲、龔鵬程。,
399,時報文學獎,第二十一屆,1998,評審獎,嚴立楷：虛構海洋,散文,,散文決審委員：莊信正、張曉風、蔣勳、鐘玲、龔鵬程。,
400,時報文學獎,第二十一屆,1998,,,報導文學,,報導文學決審委員：馬以工、張大春、舒國治。,本屆「報導文學獎」，從缺。
401,時報文學獎,第二十一屆,1998,並列,朱天心：古都,推薦獎,,,
402,時報文學獎,第二十一屆,1998,並列,蘇曉康：離魂歷劫自序,推薦獎,,,
403,時報文學獎,第二十二屆,1999,首獎,袁哲生：秀才的手錶,短篇小說,林黛嫚編，《復活：爾雅版「年 度小說選」》(爾雅，2003),短篇小說決審委員：李奭學、東年、施淑、張大春、鄭清文。楊澤(程序主席),來稿 327 篇，複審 46 篇， 決審 10 篇。
404,時報文學獎,第二十二屆,1999,評審獎,張惠菁：蛾,短篇小說,林黛嫚編，《復活：爾雅版「年 度小說選」》(爾雅，2003),短篇小說決審委員：李奭學、東年、施淑、張大春、鄭清文。楊澤(程序主席),
405,時報文學獎,第二十二屆,1999,評審獎,吳鈞堯：表,短篇小說,,短篇小說決審委員：李奭學、東年、施淑、張大春、鄭清文。楊澤(程序主席),
406,時報文學獎,第二十二屆,1999,首獎,廖偉棠：一個無名氏的愛與死之歌,新詩,,新詩決審委員：楊澤(主席)、李魁賢、商禽、蔣勳、鄭樹森、鍾玲。,
407,時報文學獎,第二十二屆,1999,評審獎,陳克華：當時間之風吹起,新詩,,新詩決審委員：楊澤(主席)、李魁賢、商禽、蔣勳、鄭樹森、鍾玲。,
408,時報文學獎,第二十二屆,1999,評審獎,謝昭華：狙擊,新詩,,新詩決審委員：楊澤(主席)、李魁賢、商禽、蔣勳、鄭樹森、鍾玲。,
409,時報文學獎,第二十二屆,1999,首獎,張瀛太：豎琴海域,散文,焦桐主編，《八十八年散文選》(九歌，2000年),散文決審委員：簡媜、陳萬益、楊澤、陳列、陳芳明。,來稿347篇，複審46篇，決審10篇。
410,時報文學獎,第二十二屆,1999,評審獎,陳大為：從鬼,散文,,散文決審委員：簡媜、陳萬益、楊澤、陳列、陳芳明。,
411,時報文學獎,第二十二屆,1999,評審獎,鍾怡雯：芝麻開門,散文,,散文決審委員：簡媜、陳萬益、楊澤、陳列、陳芳明。,
412,時報文學獎,第二十二屆,1999,首獎,陳姿羽：唱他的歌，記他的名字,報導文學,,報導文學決審委員：金恆鑣、胡台麗、南方朔。,
413,時報文學獎,第二十二屆,1999,評審獎,楊樹清：消失的衛星孩子,報導文學,,報導文學決審委員：金恆鑣、胡台麗、南方朔。,
414,時報文學獎,第二十二屆,1999,,林文月：飲膳札記,推薦獎,,,
415,時報文學獎,第二十三屆,2000,首獎,張瀛太：鄂倫春之獵,短篇小說,,短篇小說決審委員：李永平、李奭學、施叔青、楊照、平路。,來稿296篇，複審48篇，決審11篇。
416,時報文學獎,第二十三屆,2000,第二名,鍾文音：前往秘密基地,短篇小說,,短篇小說決審委員：李永平、李奭學、施叔青、楊照、平路。,
417,時報文學獎,第二十三屆,2000,第三名,許榮哲：迷藏,短篇小說,,短篇小說決審委員：李永平、李奭學、施叔青、楊照、平路。,
418,時報文學獎,第二十三屆,2000,首獎,楊邪：悼詩,新詩,,新詩決審委員：席慕蓉、廖咸浩、奚密、向陽、呂興昌。,
419,時報文學獎,第二十三屆,2000,第二名,陳宛茜：無法靜止的房間,新詩,,新詩決審委員：席慕蓉、廖咸浩、奚密、向陽、呂興昌。,
420,時報文學獎,第二十三屆,2000,第三名,呂育陶：只是穿了一雙黃襪子,新詩,,新詩決審委員：席慕蓉、廖咸浩、奚密、向陽、呂興昌。,
421,時報文學獎,第二十三屆,2000,首獎,呂政達：最慢板,散文,,散文決審委員：莊信正、周芬伶、陳芳明、顏崑陽、王浩威。,
422,時報文學獎,第二十三屆,2000,第二名,徐國能：刀工,散文,,散文決審委員：莊信正、周芬伶、陳芳明、顏崑陽、王浩威。,
423,時報文學獎,第二十三屆,2000,第三名,李欣倫：城,散文,,散文決審委員：莊信正、周芬伶、陳芳明、顏崑陽、王浩威。,
424,時報文學獎,第二十三屆,2000,首獎,楊艾俐：華夏哀歌,報導文學,,報導文學決審委員：馬以工、東年、郭力昕。,被網路媒體指為「資料寫作」、「翻譯作品」，作者發表放棄得獎聲明。
425,時報文學獎,第二十三屆,2000,第二名,葉怡君：風簷之左,報導文學,,報導文學決審委員：馬以工、東年、郭力昕。,
426,時報文學獎,第二十三屆,2000,,黃春明：放生,推薦獎,,,
427,時報文學獎,第二十四屆,2001,第二名,傅天余：清潔的戀愛,短篇小說,,短篇小說決審委員：張大春、謝材俊、袁瓊瓊、南方朔、施叔青。劉克襄(程序主席),來稿348篇，複審40篇，決審10篇。首獎從缺。
428,時報文學獎,第二十四屆,2001,第三名,高翊峰：班哥,短篇小說,,短篇小說決審委員：張大春、謝材俊、袁瓊瓊、南方朔、施叔青。劉克襄(程序主席),
429,時報文學獎,第二十四屆,2001,首獎,遲鈍(林康民)：有人偷走了我的時光命題,新詩,,新詩決審委員：余光中、張香華、莊裕安、王浩威、蔣勳。,來稿568篇，複審67篇，決審13篇。
430,時報文學獎,第二十四屆,2001,第二名,紀小漾：家族演進史,新詩,,新詩決審委員：余光中、張香華、莊裕安、王浩威、蔣勳。,
431,時報文學獎,第二十四屆,2001,第三名,孫維民：文字校對的憂鬱,新詩,,新詩決審委員：余光中、張香華、莊裕安、王浩威、蔣勳。,
432,時報文學獎,第二十四屆,2001,首獎,呂政達：皆造,散文,,散文決審委員：焦桐、蕭蔓、許舜英、舒國治、張曉風。,來稿332篇，複審35篇，決審10篇。
433,時報文學獎,第二十四屆,2001,第二名,簡隆全：以重複來考驗這可笑的本質,散文,,散文決審委員：焦桐、蕭蔓、許舜英、舒國治、張曉風。,
434,時報文學獎,第二十四屆,2001,第三名,李欣倫：一葉情,散文,,散文決審委員：焦桐、蕭蔓、許舜英、舒國治、張曉風。,
435,時報文學獎,第二十四屆,2001,,張貴興：猴杯,推薦獎,,,
436,時報文學獎,第二十五屆,2002,首獎,陳南宗：鴉片少年,短篇小說,,短篇小說決審委員：李喬、東年、陳芳明、張大春、楊照。,
437,時報文學獎,第二十五屆,2002,評審獎,賀淑芳：別再提起,短篇小說,,短篇小說決審委員：李喬、東年、陳芳明、張大春、楊照。,
438,時報文學獎,第二十五屆,2002,首獎,陳雋弘：面封,新詩,,新詩決審委員：余光中、楊牧、羅智成、席慕蓉、向陽。,
439,時報文學獎,第二十五屆,2002,評審獎,方群(林于弘)：航行，在詩的海域,新詩,,新詩決審委員：余光中、楊牧、羅智成、席慕蓉、向陽。,
440,時報文學獎,第二十五屆,2002,首獎,吳文超：解釋,散文,,散文決審委員：逯耀東、蔣勳、古蒙仁、蔡康永、朱天心。,
441,時報文學獎,第二十五屆,2002,評審獎,孫維民：紅蟒,散文,,散文決審委員：逯耀東、蔣勳、古蒙仁、蔡康永、朱天心。,
442,時報文學獎,第二十五屆,2002,並列,陳健瑜：大茅埔的新娘,鄉鎮書寫,,鄉鎮書寫決審委員：路寒袖、舒國治、簡媜。,第一屆「鄉鎮書寫獎」。
443,時報文學獎,第二十五屆,2002,並列,卓玫君：獻給諸神的詠嘆調,鄉鎮書寫,,鄉鎮書寫決審委員：路寒袖、舒國治、簡媜。,
444,時報文學獎,第二十五屆,2002,並列,白棟樑：石蚵的故鄉,鄉鎮書寫,,鄉鎮書寫決審委員：路寒袖、舒國治、簡媜。,
445,時報文學獎,第二十五屆,2002,並列,許正平：超時空小鎮漫遊,鄉鎮書寫,,鄉鎮書寫決審委員：路寒袖、舒國治、簡媜。,
446,時報文學獎,第二十五屆,2002,並列,瓦歷斯．諾幹：走過裂島的痕跡,鄉鎮書寫,,鄉鎮書寫決審委員：路寒袖、舒國治、簡媜。,
447,時報文學獎,第二十五屆,2002,,朱西甯：華太平家傳,推薦獎,,,
448,時報文學獎,第二十五屆,2002,,夏曼．藍波安：海浪的記憶,推薦獎,,,
449,時報文學獎,第二十六屆,2003,首獎,張耀升：縫,短篇小說,,短篇小說決審委員：鄭樹森、張大春、李昂、黃錦樹、袁瓊瓊。,來稿410篇，複審40篇，決審12篇。
450,時報文學獎,第二十六屆,2003,評審獎,許正平：假期生活,短篇小說,,短篇小說決審委員：鄭樹森、張大春、李昂、黃錦樹、袁瓊瓊。,
451,時報文學獎,第二十六屆,2003,評審獎,林庚厚：拼圖,短篇小說,,短篇小說決審委員：鄭樹森、張大春、李昂、黃錦樹、袁瓊瓊。,
452,時報文學獎,第二十六屆,2003,首獎,凌性傑：螢火蟲之夢,新詩,,新詩決審委員：楊牧、林泠、席慕容、林瑞明、楊照。,來稿482篇，決審12篇。
453,時報文學獎,第二十六屆,2003,評審獎,林婉瑜：說話術,新詩,,新詩決審委員：楊牧、林泠、席慕容、林瑞明、楊照。,
454,時報文學獎,第二十六屆,2003,評審獎,黃明德：某SARS報告「漁港篇」,新詩,,新詩決審委員：楊牧、林泠、席慕容、林瑞明、楊照。,
455,時報文學獎,第二十六屆,2003,首獎,呂燦君：不在,散文,,散文決審委員：余光中、張曉風、唐諾、蕭蔓、王浩威。,來稿312篇，複審40篇，決審10篇。
456,時報文學獎,第二十六屆,2003,評審獎,張輝誠：蝸角,散文,,散文決審委員：余光中、張曉風、唐諾、蕭蔓、王浩威。,
457,時報文學獎,第二十六屆,2003,評審獎,吳憶偉：軟磚頭,散文,,散文決審委員：余光中、張曉風、唐諾、蕭蔓、王浩威。,
458,時報文學獎,第二十六屆,2003,並列,賴舒亞：挖記憶的礦,鄉鎮書寫,,鄉鎮書寫決審委員：孫大川、愛亞、向陽。(劉克襄主持),來稿100篇，決審21篇。
459,時報文學獎,第二十六屆,2003,並列,劉如玲：我那凌亂的三重記憶,鄉鎮書寫,,鄉鎮書寫決審委員：孫大川、愛亞、向陽。(劉克襄主持),
460,時報文學獎,第二十六屆,2003,並列,吳心宇：我的康樂街,鄉鎮書寫,,鄉鎮書寫決審委員：孫大川、愛亞、向陽。(劉克襄主持),
461,時報文學獎,第二十六屆,2003,並列,楊美紅：風雨之後，島國以西,鄉鎮書寫,,鄉鎮書寫決審委員：孫大川、愛亞、向陽。(劉克襄主持),
462,時報文學獎,第二十六屆,2003,並列,林媽肴：穿越鐵蒺藜與軌條砦,鄉鎮書寫,,鄉鎮書寫決審委員：孫大川、愛亞、向陽。(劉克襄主持),
463,時報文學獎,第二十六屆,2003,,蔡珠兒,第二十屆吳魯芹散文獎,,,
464,時報文學獎,第二十七屆,2004,首獎,楊孟珠：因,短篇小說,《九十三年小說選》(九歌，2005.03),短篇小說決審委員：李喬、平路、東年、陳雨航、朱天心。,來稿430篇，決審12篇。
465,時報文學獎,第二十七屆,2004,評審獎,葉夏生：女人與一枚香精標籤,短篇小說,,短篇小說決審委員：李喬、平路、東年、陳雨航、朱天心。,
466,時報文學獎,第二十七屆,2004,評審獎,許琇禎：我只是借停一下,短篇小說,,短篇小說決審委員：李喬、平路、東年、陳雨航、朱天心。,
467,時報文學獎,第二十七屆,2004,首獎,吳岱穎：C’estLaVie─在島上,新詩,,新詩決審委員：鄭樹森、陳黎、張香華、羅智成、莊裕安。,來稿509篇，決審13篇。
468,時報文學獎,第二十七屆,2004,評審獎,紀小漾：飛魚海岬,新詩,,新詩決審委員：鄭樹森、陳黎、張香華、羅智成、莊裕安。,
469,時報文學獎,第二十七屆,2004,評審獎,嚴忠政：前往故事的途中,新詩,,新詩決審委員：鄭樹森、陳黎、張香華、羅智成、莊裕安。,
470,時報文學獎,第二十七屆,2004,首獎,胡淑雯：界線,散文,,散文決審委員：陳芳明、周芬伶、張曼娟、南方朔、吳晟。,
471,時報文學獎,第二十七屆,2004,評審獎,吳永馨：18,散文,,散文決審委員：陳芳明、周芬伶、張曼娟、南方朔、吳晟。,
472,時報文學獎,第二十七屆,2004,評審獎,陳柏青：武俠片編年史,散文,,散文決審委員：陳芳明、周芬伶、張曼娟、南方朔、吳晟。,
473,時報文學獎,第二十七屆,2004,並列,賴鈺婷：來去蚵鄉,鄉鎮書寫,,鄉鎮書寫決審委員：舒國治、雷驤、夏曼．藍波安。,來稿109篇，決審25篇。
474,時報文學獎,第二十七屆,2004,並列,鏡如(王怡文)：鄉,鄉鎮書寫,,鄉鎮書寫決審委員：舒國治、雷驤、夏曼．藍波安。,
475,時報文學獎,第二十七屆,2004,並列,王美慧：她，住在風鄉沙城的麥寮,鄉鎮書寫,,鄉鎮書寫決審委員：舒國治、雷驤、夏曼．藍波安。,
476,時報文學獎,第二十七屆,2004,並列,王美玉(生年不詳)：台灣情,鄉鎮書寫,,鄉鎮書寫決審委員：舒國治、雷驤、夏曼．藍波安。,
477,時報文學獎,第二十七屆,2004,並列,李崇建：漂流巴士,鄉鎮書寫,,鄉鎮書寫決審委員：舒國治、雷驤、夏曼．藍波安。,
478,時報文學獎,第二十八屆,2005,首獎,徐嘉澤〈三人餐桌〉,短篇小說,,短篇小說決審委員：舞鶴、梅家玲、施叔青、黃凡、南方朔。,
479,時報文學獎,第二十八屆,2005,評審獎,黎紫書〈我們一起看飯島愛〉,短篇小說,,短篇小說決審委員：舞鶴、梅家玲、施叔青、黃凡、南方朔。,
480,時報文學獎,第二十八屆,2005,評審獎,黃麗群〈入夢者〉,短篇小說,,短篇小說決審委員：舞鶴、梅家玲、施叔青、黃凡、南方朔。,
481,時報文學獎,第二十八屆,2005,佳作,陳昇群〈蜻蜓決定〉,短篇小說,,短篇小說決審委員：舞鶴、梅家玲、施叔青、黃凡、南方朔。,
482,時報文學獎,第二十八屆,2005,佳作,黎誕〈何老賢〉,短篇小說,,短篇小說決審委員：舞鶴、梅家玲、施叔青、黃凡、南方朔。,
483,時報文學獎,第二十八屆,2005,首獎,甘子建〈島〉,新詩,,新詩決審委員：陳芳明、楊牧、向陽、席慕容、陳家帶。,
484,時報文學獎,第二十八屆,2005,評審獎,馮傑〈牆裏的聲音〉,新詩,,新詩決審委員：陳芳明、楊牧、向陽、席慕容、陳家帶。,
485,時報文學獎,第二十八屆,2005,評審獎,周若濤〈在噩運隨行的國度〉,新詩,,新詩決審委員：陳芳明、楊牧、向陽、席慕容、陳家帶。,
486,時報文學獎,第二十八屆,2005,首獎,從缺,散文,,散文決審委員：陳萬益、楊照、張曉風、張大春、蔡珠兒。,
487,時報文學獎,第二十八屆,2005,評審獎,王盛弘〈瘤〉,散文,,散文決審委員：陳萬益、楊照、張曉風、張大春、蔡珠兒。,
488,時報文學獎,第二十八屆,2005,評審獎,劉維茵〈過度的居所〉,散文,,散文決審委員：陳萬益、楊照、張曉風、張大春、蔡珠兒。,
489,時報文學獎,第二十八屆,2005,首獎,顧玉玲〈逃〉,報導文學,,報導文學決審委員：陳浩、楊渡、鄭至慧。,
490,時報文學獎,第二十八屆,2005,評審獎,屠佳、林德龍〈車城歌聲〉(兩人合著),報導文學,,報導文學決審委員：陳浩、楊渡、鄭至慧。,
491,時報文學獎,第二十八屆,2005,評審獎,郭碧容〈長路〉,報導文學,,報導文學決審委員：陳浩、楊渡、鄭至慧。,
492,時報文學獎,第二十八屆,2005,,阿盛，本名楊敏盛,第22屆吳魯芹散文獎,,,
493,時報文學獎,第二十九屆,2006,首獎,丁允恭〈擺〉,短篇小說,,短篇小說類：季季、平路、陳芳明、張大春。,
494,時報文學獎,第二十九屆,2006,評審獎,施伊粧〈荒月〉,短篇小說,,短篇小說類：季季、平路、陳芳明、張大春。,
495,時報文學獎,第二十九屆,2006,評審獎,安石榴〈那壓垮枝子的寂寞〉,短篇小說,,短篇小說類：季季、平路、陳芳明、張大春。,
496,時報文學獎,第二十九屆,2006,首獎,黃以淮〈變奏獨舞(或獨奏變舞)〉,散文,,散文類：夏曼.藍波安、王宣一、張小虹、楊照。,
497,時報文學獎,第二十九屆,2006,評審獎,凌性傑〈濕樂園〉,散文,,散文類：夏曼.藍波安、王宣一、張小虹、楊照。,
498,時報文學獎,第二十九屆,2006,評審獎,薛好薰〈魚缸〉,散文,,散文類：夏曼.藍波安、王宣一、張小虹、楊照。,
499,時報文學獎,第二十九屆,2006,首獎,辛金順〈注音〉,新詩,,新詩類：吳晟、陳黎、翁文嫻、張香華。,
500,時報文學獎,第二十九屆,2006,評審獎,曾琮琇〈現代〉,新詩,,新詩類：吳晟、陳黎、翁文嫻、張香華。,
501,時報文學獎,第二十九屆,2006,評審獎,木葉〈春風斬〉,新詩,,新詩類：吳晟、陳黎、翁文嫻、張香華。,
502,時報文學獎,第二十九屆,2006,首獎,黃信恩〈空白海岸〉,鄉鎮書寫,,鄉鎮書寫類：舒國治、孫大川、廖玉蕙。,
503,時報文學獎,第二十九屆,2006,評審獎,陳榮昌〈痲瘋島〉,鄉鎮書寫,,鄉鎮書寫類：舒國治、孫大川、廖玉蕙。,
504,時報文學獎,第二十九屆,2006,,吳音寧,人間新人獎,,,出版有《蒙面叢林》
505,聯合報短篇小說獎,第一屆,1976,第二名,丁亞民(1958─)：冬祭,短篇小說,《小說潮──聯合報第一屆小說獎作品集》(1976.12),決審委員：朱西甯、林海音、林懷民、尉天驄、彭歌、顏元叔。,來稿1212篇。第一屆徵文預告於1976年3月18日，同月28日公佈辦法，7月31日截稿。本屆應徵小說「首獎」，從缺。
506,聯合報短篇小說獎,第一屆,1976,第二名,蔣曉雲(蔣賢倚，1954─)：掉傘天,短篇小說,,決審委員：朱西甯、林海音、林懷民、尉天驄、彭歌、顏元叔。,
507,聯合報短篇小說獎,第一屆,1976,第三名,黃文鴻：沉情,短篇小說,,決審委員：朱西甯、林海音、林懷民、尉天驄、彭歌、顏元叔。,
508,聯合報短篇小說獎,第一屆,1976,第三名,朱天文：喬太守新記,短篇小說,,決審委員：朱西甯、林海音、林懷民、尉天驄、彭歌、顏元叔。,
509,聯合報短篇小說獎,第一屆,1976,佳作,七等生：大榕樹,短篇小說,,決審委員：朱西甯、林海音、林懷民、尉天驄、彭歌、顏元叔。,
510,聯合報短篇小說獎,第一屆,1976,佳作,小赫：功在杏林,短篇小說,,決審委員：朱西甯、林海音、林懷民、尉天驄、彭歌、顏元叔。,
511,聯合報短篇小說獎,第一屆,1976,佳作,馬叔禮：四秒鐘,短篇小說,,決審委員：朱西甯、林海音、林懷民、尉天驄、彭歌、顏元叔。,
512,聯合報短篇小說獎,第一屆,1976,佳作,黃鳳櫻：小喇叭手,短篇小說,,決審委員：朱西甯、林海音、林懷民、尉天驄、彭歌、顏元叔。,
513,聯合報短篇小說獎,第一屆,1976,佳作,蔡士迅：凶煞,短篇小說,,決審委員：朱西甯、林海音、林懷民、尉天驄、彭歌、顏元叔。,
514,聯合報短篇小說獎,第一屆,1976,佳作,千華(席慕容1943─)：生日蛋糕,短篇小說,,決審委員：朱西甯、林海音、林懷民、尉天驄、彭歌、顏元叔。,
515,聯合報短篇小說獎,第一屆,1976,佳作,朱天心(1958─)：天涼好個秋,短篇小說,,決審委員：朱西甯、林海音、林懷民、尉天驄、彭歌、顏元叔。,
516,聯合報短篇小說獎,第一屆,1976,佳作,曾台生：我愛博士,短篇小說,,決審委員：朱西甯、林海音、林懷民、尉天驄、彭歌、顏元叔。,
517,聯合報短篇小說獎,第一屆,1976,佳作,鄭清文：故里人歸,短篇小說,,決審委員：朱西甯、林海音、林懷民、尉天驄、彭歌、顏元叔。,
518,聯合報短篇小說獎,第一屆,1976,佳作,蔣家語：關山今夜月,短篇小說,,決審委員：朱西甯、林海音、林懷民、尉天驄、彭歌、顏元叔。,
519,聯合報短篇小說獎,第二屆,1977,第一名,小野(李遠，1951─)：封殺,短篇小說,《小說潮──聯合報第二屆小說獎作品集》(1977.10),決審委員：丁樹南、朱炎、孟瑤、姚一葦、夏志清。,來稿合格739篇，複審216篇，決審26篇(另計聯副推薦4篇)。
520,聯合報短篇小說獎,第二屆,1977,第二名,楊福：牛,短篇小說,,決審委員：丁樹南、朱炎、孟瑤、姚一葦、夏志清。,
521,聯合報短篇小說獎,第二屆,1977,第二名,蔣曉雲：樂山行,短篇小說,,決審委員：丁樹南、朱炎、孟瑤、姚一葦、夏志清。,
522,聯合報短篇小說獎,第二屆,1977,第三名,子于：迷惑,短篇小說,,決審委員：丁樹南、朱炎、孟瑤、姚一葦、夏志清。,
523,聯合報短篇小說獎,第二屆,1977,第三名,吳念真：看戲去囉,短篇小說,,決審委員：丁樹南、朱炎、孟瑤、姚一葦、夏志清。,
524,聯合報短篇小說獎,第二屆,1977,佳作,李捷金：陽光照在屋脊上,短篇小說,,決審委員：丁樹南、朱炎、孟瑤、姚一葦、夏志清。,
525,聯合報短篇小說獎,第二屆,1977,佳作,李赫：母親的壓歲錢,短篇小說,,決審委員：丁樹南、朱炎、孟瑤、姚一葦、夏志清。,
526,聯合報短篇小說獎,第二屆,1977,佳作,冷雲：獵海,短篇小說,,決審委員：丁樹南、朱炎、孟瑤、姚一葦、夏志清。,
527,聯合報短篇小說獎,第二屆,1977,佳作,洪醒夫：黑面慶仔,短篇小說,,決審委員：丁樹南、朱炎、孟瑤、姚一葦、夏志清。,
528,聯合報短篇小說獎,第二屆,1977,佳作,康安：洞,短篇小說,,決審委員：丁樹南、朱炎、孟瑤、姚一葦、夏志清。,
529,聯合報短篇小說獎,第二屆,1977,佳作,商晚筠：君自故鄉來,短篇小說,,決審委員：丁樹南、朱炎、孟瑤、姚一葦、夏志清。,
530,聯合報短篇小說獎,第二屆,1977,佳作,李淑杏：鞭炮,短篇小說,,決審委員：丁樹南、朱炎、孟瑤、姚一葦、夏志清。,
531,聯合報短篇小說獎,第二屆,1977,佳作,黃鳳櫻：憶慧沒有ㄐㄧㄐㄧ,短篇小說,,決審委員：丁樹南、朱炎、孟瑤、姚一葦、夏志清。,
532,聯合報短篇小說獎,第二屆,1977,佳作,曾寶英：鵷鶵記,短篇小說,,決審委員：丁樹南、朱炎、孟瑤、姚一葦、夏志清。,
533,聯合報短篇小說獎,第三屆,1978,第一名,張子樟(1941─，37歲)：老榕,短篇小說,《聯合報六七年度小說獎作品集》(1978.11)《小說潮──聯合報第三屆小說獎作品集》(1978.11),決審委員：司馬中原、何欣、侯健、殷張蘭熙、鍾肇政。,來稿700篇(合格661)，複審51篇，決審18篇(另計聯副推薦11篇)。評審鍾肇政建議「將徵文範圍擴大，不限於短篇小說」，經過討論建議「專辦『小說類』徵文獎，包括長篇、中篇和極短篇(目前只辦短篇小說徵文)」。(〈會議紀實〉)
534,聯合報短篇小說獎,第三屆,1978,第二名,洪醒夫(，29歲)：散戲,短篇小說,,決審委員：司馬中原、何欣、侯健、殷張蘭熙、鍾肇政。,
535,聯合報短篇小說獎,第三屆,1978,第二名,江湖白(莊展鵬，25歲)：放香魚,短篇小說,,決審委員：司馬中原、何欣、侯健、殷張蘭熙、鍾肇政。,
536,聯合報短篇小說獎,第三屆,1978,第三名,小赫(楊宏義，23歲)：祈教授,短篇小說,,決審委員：司馬中原、何欣、侯健、殷張蘭熙、鍾肇政。,
537,聯合報短篇小說獎,第三屆,1978,第三名,履彊(蘇進強，26歲)：榕,短篇小說,,決審委員：司馬中原、何欣、侯健、殷張蘭熙、鍾肇政。,
538,聯合報短篇小說獎,第三屆,1978,佳作,江彤晞(江慶富，22歲)：太平山,短篇小說,,決審委員：司馬中原、何欣、侯健、殷張蘭熙、鍾肇政。,
539,聯合報短篇小說獎,第三屆,1978,佳作,李昂(施淑端，1952─，歲)：愛情試驗,短篇小說,,決審委員：司馬中原、何欣、侯健、殷張蘭熙、鍾肇政。,
540,聯合報短篇小說獎,第三屆,1978,佳作,李永平(，歲)：歸來,短篇小說,,決審委員：司馬中原、何欣、侯健、殷張蘭熙、鍾肇政。,
541,聯合報短篇小說獎,第三屆,1978,佳作,李捷金(李捷鑫，22歲)：羅娜要來,短篇小說,,決審委員：司馬中原、何欣、侯健、殷張蘭熙、鍾肇政。,
542,聯合報短篇小說獎,第三屆,1978,佳作,吳念真(吳文欽，26歲)：白雞記,短篇小說,,決審委員：司馬中原、何欣、侯健、殷張蘭熙、鍾肇政。,
543,聯合報短篇小說獎,第三屆,1978,佳作,袁瓊瓊(，1950─，歲)：等待一個生命,短篇小說,,決審委員：司馬中原、何欣、侯健、殷張蘭熙、鍾肇政。,
544,聯合報短篇小說獎,第三屆,1978,佳作,商晚筠(黃綠綠，26歲)：癡女阿蓮,短篇小說,,決審委員：司馬中原、何欣、侯健、殷張蘭熙、鍾肇政。,
545,聯合報短篇小說獎,第三屆,1978,佳作,商參(不詳)：鋼血,短篇小說,,決審委員：司馬中原、何欣、侯健、殷張蘭熙、鍾肇政。,
546,聯合報短篇小說獎,第三屆,1978,佳作,顏崑陽(，30歲)：跳槽,短篇小說,,決審委員：司馬中原、何欣、侯健、殷張蘭熙、鍾肇政。,
547,聯合報短篇小說獎,第三屆,1978,佳作,關宇(，54歲)：過腰龍,短篇小說,,決審委員：司馬中原、何欣、侯健、殷張蘭熙、鍾肇政。,
548,聯合報短篇小說獎,第三屆,1978,特別獎,陳若曦(，歲),短篇小說,,決審委員：司馬中原、何欣、侯健、殷張蘭熙、鍾肇政。,首次的推薦頒贈。致贈當年對小說創作有成就和貢獻的作家一至二人，尤評選委員、聯副主編人及各個文藝社團共同推薦。
549,聯合報小說獎,第四屆,1979,並列,王廣仁(，19歲)：簡報,極短篇小說,《聯合報六八年度短篇小說獎作品集》(1978.10)《小說潮──聯合報第四屆小說獎作品集》(1979.11),決審委員：朱炎、姚朋、陳若曦、葉石濤、張系國。 ,本屆開始有短篇小說以外的獎項，增加極短篇、中篇與長篇小說獎。來稿1832篇(合格1290)，決審55篇。
550,聯合報小說獎,第四屆,1979,並列,林文煌(，32歲)：訪問,極短篇小說,,決審委員：朱炎、姚朋、陳若曦、葉石濤、張系國。 ,
551,聯合報小說獎,第四屆,1979,並列,陳甯(，32歲)：尋夫記,極短篇小說,,決審委員：朱炎、姚朋、陳若曦、葉石濤、張系國。 ,
552,聯合報小說獎,第四屆,1979,並列,陳啟佑(，26歲)：永遠的蝴蝶,極短篇小說,,決審委員：朱炎、姚朋、陳若曦、葉石濤、張系國。 ,
553,聯合報小說獎,第四屆,1979,並列,張至璋(，38歲)：兩個女人,極短篇小說,,決審委員：朱炎、姚朋、陳若曦、葉石濤、張系國。 ,
554,聯合報小說獎,第四屆,1979,並列,張榮彥(，40歲)：肥缺,極短篇小說,,決審委員：朱炎、姚朋、陳若曦、葉石濤、張系國。 ,
555,聯合報小說獎,第四屆,1979,並列,楊美齡(，23歲)：家教中心,極短篇小說,,決審委員：朱炎、姚朋、陳若曦、葉石濤、張系國。 ,
556,聯合報小說獎,第四屆,1979,並列,詹益川(，59歲)：母親的遺產,極短篇小說,,決審委員：朱炎、姚朋、陳若曦、葉石濤、張系國。 ,
557,聯合報小說獎,第四屆,1979,並列,劉祖蔭(，64歲)：友情,極短篇小說,,決審委員：朱炎、姚朋、陳若曦、葉石濤、張系國。 ,
558,聯合報小說獎,第四屆,1979,並列,韓國義(，50歲)：仙丹,極短篇小說,,決審委員：朱炎、姚朋、陳若曦、葉石濤、張系國。 ,
559,聯合報小說獎,第四屆,1979,第一獎,李永平(1947─，31歲)：日頭雨,短篇小說,,決審委員：朱炎、姚朋、陳若曦、葉石濤、張系國。 ,
560,聯合報小說獎,第四屆,1979,第二獎,廖蕾夫(廖風德，1951─，歲)：竹仔開花,短篇小說,,決審委員：朱炎、姚朋、陳若曦、葉石濤、張系國。 ,
561,聯合報小說獎,第四屆,1979,第二獎,蕭颯(，27歲)：我兒漢生,短篇小說,,決審委員：朱炎、姚朋、陳若曦、葉石濤、張系國。 ,
562,聯合報小說獎,第四屆,1979,第三名,東年(陳順賢，29歲)：大火,短篇小說,,決審委員：朱炎、姚朋、陳若曦、葉石濤、張系國。 ,
563,聯合報小說獎,第四屆,1979,第三名,金兆(不詳)：芒果的滋味,短篇小說,,決審委員：朱炎、姚朋、陳若曦、葉石濤、張系國。 ,
564,聯合報小說獎,第四屆,1979,第三名,宋澤萊(廖偉竣，27歲)：漁港故事,短篇小說,,決審委員：朱炎、姚朋、陳若曦、葉石濤、張系國。 ,
565,聯合報小說獎,第四屆,1979,佳作,張曉明(，30歲)：洪流,短篇小說,,決審委員：朱炎、姚朋、陳若曦、葉石濤、張系國。 ,
566,聯合報小說獎,第四屆,1979,佳作,許薌君(，25歲)：迎一野陽光,短篇小說,,決審委員：朱炎、姚朋、陳若曦、葉石濤、張系國。 ,
567,聯合報小說獎,第四屆,1979,佳作,羅振昌(，28歲)：慈母淚,短篇小說,,決審委員：朱炎、姚朋、陳若曦、葉石濤、張系國。 ,
568,聯合報小說獎,第四屆,1979,佳作,徐仁修(，33歲)：飛行的小赤斑,短篇小說,,決審委員：朱炎、姚朋、陳若曦、葉石濤、張系國。 ,
569,聯合報小說獎,第四屆,1979,佳作,袁瓊瓊(，30歲)：小人兒,短篇小說,,決審委員：朱炎、姚朋、陳若曦、葉石濤、張系國。 ,
570,聯合報小說獎,第四屆,1979,佳作,張至璋(，38歲)：愆,短篇小說,,決審委員：朱炎、姚朋、陳若曦、葉石濤、張系國。 ,
571,聯合報小說獎,第四屆,1979,佳作,顏崑陽(，30歲)：龍欣之死,短篇小說,,決審委員：朱炎、姚朋、陳若曦、葉石濤、張系國。 ,
572,聯合報小說獎,第四屆,1979,佳作,陳雨航(，30歲)：歸鄉的路途,短篇小說,,決審委員：朱炎、姚朋、陳若曦、葉石濤、張系國。 ,
573,聯合報小說獎,第四屆,1979,佳作,吳念真(，27歲)：是的，哈姆雷特先生,短篇小說,,決審委員：朱炎、姚朋、陳若曦、葉石濤、張系國。 ,
574,聯合報小說獎,第四屆,1979,第一名,蔣曉雲：姻緣路,中篇小說,,決審委員：朱西甯、夏志清、王夢鷗、孟瑤、姚一葦。,來稿64件，決審8篇。
575,聯合報小說獎,第四屆,1979,第二名,楊茯：再嫁,中篇小說,,決審委員：朱西甯、夏志清、王夢鷗、孟瑤、姚一葦。,
576,聯合報小說獎,第四屆,1979,第三名,邱玉駪：實驗電影,中篇小說,,決審委員：朱西甯、夏志清、王夢鷗、孟瑤、姚一葦。,
577,聯合報小說獎,第四屆,1979,,從缺,長篇小說,,決審委員：朱西甯、夏志清、王夢鷗、孟瑤、姚一葦。,來稿22件，決審0篇。
578,聯合報小說獎,第四屆,1979,特別獎,朱西甯《八二三注》,長篇小說,,決審委員：朱西甯、夏志清、王夢鷗、孟瑤、姚一葦。,夏志清推薦同是評審委員的朱西寧。孟瑤附議推薦〈狼〉與〈鐵漿〉。會後亦獲短篇類評選委員同意。
579,聯合報小說獎,第五屆,1980,並列,坡上客：風水,極短篇小說,,,
580,聯合報小說獎,第五屆,1980,並列,黃之桐：結,極短篇小說,,,
581,聯合報小說獎,第五屆,1980,並列,馮輝岳：天堂,極短篇小說,,,
582,聯合報小說獎,第五屆,1980,並列,劉維奪：短兵,極短篇小說,,,
583,聯合報小說獎,第五屆,1980,並列,陳春華：孔雀,極短篇小說,,,
584,聯合報小說獎,第五屆,1980,並列,桑科：海鮮,極短篇小說,,,
585,聯合報小說獎,第五屆,1980,並列,邱冠倫：好花月圓,極短篇小說,,,
586,聯合報小說獎,第五屆,1980,並列,傅豐琪：台北一夢,極短篇小說,,,
587,聯合報小說獎,第五屆,1980,並列,蘇思駸：破案,極短篇小說,,,
588,聯合報小說獎,第五屆,1980,並列,方明塘：救火前導車,極短篇小說,,,
589,聯合報小說獎,第五屆,1980,並列,金兆(梁鈺文，1931─)：顧先生的晚年,短篇小說,,來稿1005篇(合格804)，複審39篇，決審14篇(另計聯副推薦4篇)。,
590,聯合報小說獎,第五屆,1980,並列,袁瓊瓊(1950─)：自己的天空,短篇小說,,,
591,聯合報小說獎,第五屆,1980,並列,黃凡(黃孝忠，1950─)：雨夜,短篇小說,,,
592,聯合報小說獎,第五屆,1980,並列,黃鳳櫻(1951─)：畢業典禮,短篇小說,,,
593,聯合報小說獎,第五屆,1980,並列,黃驗(黃宗奇，1953─)：冷熱胸膛,短篇小說,,,
594,聯合報小說獎,第五屆,1980,並列,廖蕾夫：隔壁親家,短篇小說,,,
595,聯合報小說獎,第五屆,1980,並列,蕭颯：霞飛之家,中篇小說,,來稿50篇，合格24篇。,
596,聯合報小說獎,第五屆,1980,並列,張榮彥：外曾祖母的故事,中篇小說,,,
597,聯合報小說獎,第五屆,1980,並列,蘇偉貞：紅顏已老,中篇小說,,,
598,聯合報小說獎,第五屆,1980,並列,蕭麗紅：千江有水千江月,長篇小說,,來稿12篇，合格6篇,
599,聯合報小說獎,第五屆,1980,,司馬中原,特別貢獻獎,,,
600,聯合報小說獎,第六屆,1981,並列,黃斐娟：劍賽,極短篇(應徵),《小說潮──聯合報第六屆小說獎作品集》(1982.3),決審委員：白先勇、田源、朱西甯、余光中、葉石濤。,來稿2916篇(合格1787)，複審136篇，決審33篇。
601,聯合報小說獎,第六屆,1981,並列,陳愛娟：生日禮物,極短篇(應徵),,決審委員：白先勇、田源、朱西甯、余光中、葉石濤。,
602,聯合報小說獎,第六屆,1981,並列,傅禺：愛情彌深,極短篇(應徵),,決審委員：白先勇、田源、朱西甯、余光中、葉石濤。,
603,聯合報小說獎,第六屆,1981,並列,劉楷群：求職記,極短篇(應徵),,決審委員：白先勇、田源、朱西甯、余光中、葉石濤。,
604,聯合報小說獎,第六屆,1981,並列,高蔡勝：大搬家,極短篇(應徵),,決審委員：白先勇、田源、朱西甯、余光中、葉石濤。,
605,聯合報小說獎,第六屆,1981,並列,梁建民：金老二的最後一夜,極短篇(應徵),,決審委員：白先勇、田源、朱西甯、余光中、葉石濤。,
606,聯合報小說獎,第六屆,1981,並列,宋仰原：清官能斷家務事,極短篇(應徵),,決審委員：白先勇、田源、朱西甯、余光中、葉石濤。,
607,聯合報小說獎,第六屆,1981,並列,黃燕徳：失車記,極短篇(應徵),,決審委員：白先勇、田源、朱西甯、余光中、葉石濤。,
608,聯合報小說獎,第六屆,1981,並列,蘇偉貞：東南西北,極短篇(應徵),,決審委員：白先勇、田源、朱西甯、余光中、葉石濤。,
609,聯合報小說獎,第六屆,1981,並列,林明潔：鞋子,極短篇(應徵),,決審委員：白先勇、田源、朱西甯、余光中、葉石濤。,
610,聯合報小說獎,第六屆,1981,並列,李秀玲：那個週末,極短篇(推薦),,決審委員：白先勇、田源、朱西甯、余光中、葉石濤。,聯副編輯群揀選近一年內，於聯副發表作品，計15篇。
611,聯合報小說獎,第六屆,1981,並列,孔雀：祭祖,極短篇(推薦),,決審委員：白先勇、田源、朱西甯、余光中、葉石濤。,
612,聯合報小說獎,第六屆,1981,並列,蔡澔淇：蛻變,極短篇(推薦),,決審委員：白先勇、田源、朱西甯、余光中、葉石濤。,
613,聯合報小說獎,第六屆,1981,並列,詹西玉：懇親會,極短篇(推薦),,決審委員：白先勇、田源、朱西甯、余光中、葉石濤。,
614,聯合報小說獎,第六屆,1981,並列,林笛：永恆的故鄉,極短篇(推薦),,決審委員：白先勇、田源、朱西甯、余光中、葉石濤。,
615,聯合報小說獎,第六屆,1981,並列,鍾玲：船長夫人,極短篇(推薦),,決審委員：白先勇、田源、朱西甯、余光中、葉石濤。,
616,聯合報小說獎,第六屆,1981,並列,蘇進強：楊桃樹,短篇小說(應徵),,決審委員：白先勇、田源、朱西甯、余光中、葉石濤。,來稿682篇(合格538)，複審81篇，決審19篇。
617,聯合報小說獎,第六屆,1981,並列,丁亞民：西出陽關無故人,短篇小說(應徵),,決審委員：白先勇、田源、朱西甯、余光中、葉石濤。,
618,聯合報小說獎,第六屆,1981,並列,潘貴昌(筆名潘雨桐，1937─)：鄉關,短篇小說(應徵),,決審委員：白先勇、田源、朱西甯、余光中、葉石濤。,
619,聯合報小說獎,第六屆,1981,並列,馬叔禮(1949─)：歲月剪影,短篇小說(應徵),,決審委員：白先勇、田源、朱西甯、余光中、葉石濤。,
620,聯合報小說獎,第六屆,1981,並列,張至璋(1941─)：飛,短篇小說(應徵),,決審委員：白先勇、田源、朱西甯、余光中、葉石濤。,
621,聯合報小說獎,第六屆,1981,並列,黃凡：國際機場,短篇小說(應徵),,決審委員：白先勇、田源、朱西甯、余光中、葉石濤。,
622,聯合報小說獎,第六屆,1981,並列,許台英：蟹行人,短篇小說(推薦),,決審委員：白先勇、田源、朱西甯、余光中、葉石濤。,
623,聯合報小說獎,第六屆,1981,並列,王詩琅：沙基路上的永別,短篇小說(推薦),,決審委員：白先勇、田源、朱西甯、余光中、葉石濤。,
624,聯合報小說獎,第六屆,1981,並列,楊明顯：代課,短篇小說(推薦),,決審委員：白先勇、田源、朱西甯、余光中、葉石濤。,
625,聯合報小說獎,第六屆,1981,並列,子于：芬妮．明德,中篇小說(應徵),,決審委員：司馬中原、朱炎、姚一葦、張系國、鍾肇政。,10篇決選。
626,聯合報小說獎,第六屆,1981,並列,黃凡：零,中篇小說(應徵),,決審委員：司馬中原、朱炎、姚一葦、張系國、鍾肇政。,
627,聯合報小說獎,第六屆,1981,並列,顏陳靜惠：人生行路,中篇小說(應徵),,決審委員：司馬中原、朱炎、姚一葦、張系國、鍾肇政。,
628,聯合報小說獎,第六屆,1981,並列,朱天心：未了,中篇小說(應徵),,決審委員：司馬中原、朱炎、姚一葦、張系國、鍾肇政。,
629,聯合報小說獎,第六屆,1981,並列,許台英：歲修,中篇小說(應徵),,決審委員：司馬中原、朱炎、姚一葦、張系國、鍾肇政。,
630,聯合報小說獎,第六屆,1981,,從缺,長篇小說(應徵),,決審委員：司馬中原、朱炎、姚一葦、張系國、鍾肇政。,
631,聯合報小說獎,第七屆,1982,並列,沈因：梅莉的晚約,極短篇(應徵),《小說潮──聯合報第七屆小說獎作品集》(1983.12),決審委員：李喬、吳魯芹、姚一葦、胡耀恆、楊念慈。,
632,聯合報小說獎,第七屆,1982,並列,郭麗華：化妝舞會,極短篇(應徵),,決審委員：李喬、吳魯芹、姚一葦、胡耀恆、楊念慈。,
633,聯合報小說獎,第七屆,1982,並列,莊子明：賣身契,極短篇(應徵),,決審委員：李喬、吳魯芹、姚一葦、胡耀恆、楊念慈。,
634,聯合報小說獎,第七屆,1982,並列,林文煌：孤城,極短篇(應徵),,決審委員：李喬、吳魯芹、姚一葦、胡耀恆、楊念慈。,
635,聯合報小說獎,第七屆,1982,並列,李昌治：蛇,極短篇(應徵),,決審委員：李喬、吳魯芹、姚一葦、胡耀恆、楊念慈。,
636,聯合報小說獎,第七屆,1982,並列,于在濤：累犯,極短篇(應徵),,決審委員：李喬、吳魯芹、姚一葦、胡耀恆、楊念慈。,
637,聯合報小說獎,第七屆,1982,並列,李宣：蓮霧樹,極短篇(應徵),,決審委員：李喬、吳魯芹、姚一葦、胡耀恆、楊念慈。,
638,聯合報小說獎,第七屆,1982,並列,張子璋：門鈴叮咚,極短篇(應徵),,決審委員：李喬、吳魯芹、姚一葦、胡耀恆、楊念慈。,
639,聯合報小說獎,第七屆,1982,並列,王怡：終點,極短篇(應徵),,決審委員：李喬、吳魯芹、姚一葦、胡耀恆、楊念慈。,
640,聯合報小說獎,第七屆,1982,並列,羅燕如：紅燈,極短篇(應徵),,決審委員：李喬、吳魯芹、姚一葦、胡耀恆、楊念慈。,
641,聯合報小說獎,第七屆,1982,並列,林雙不：槍,極短篇(推薦),,決審委員：李喬、吳魯芹、姚一葦、胡耀恆、楊念慈。,
642,聯合報小說獎,第七屆,1982,並列,季隱：父親,極短篇(推薦),,決審委員：李喬、吳魯芹、姚一葦、胡耀恆、楊念慈。,
643,聯合報小說獎,第七屆,1982,並列,薛荔(鮑利黎，另一筆名為「李黎」，1948─)：最後夜車,短篇小說(甲類),,決審委員：李喬、吳魯芹、姚一葦、胡耀恆、楊念慈。,
644,聯合報小說獎,第七屆,1982,並列,沈萌華(沈明進，1947─)：玉之旅,短篇小說(甲類),,決審委員：李喬、吳魯芹、姚一葦、胡耀恆、楊念慈。,
645,聯合報小說獎,第七屆,1982,並列,盧非易(1959─)：山外山,短篇小說(甲類),,決審委員：李喬、吳魯芹、姚一葦、胡耀恆、楊念慈。,
646,聯合報小說獎,第七屆,1982,並列,莊美英(筆名梧鳳、梧月，1941─)：火燄,短篇小說(甲類),,決審委員：李喬、吳魯芹、姚一葦、胡耀恆、楊念慈。,
647,聯合報小說獎,第七屆,1982,並列,金光裕(1955─)：殘兵記,短篇小說(甲類),,決審委員：李喬、吳魯芹、姚一葦、胡耀恆、楊念慈。,
648,聯合報小說獎,第七屆,1982,並列,袁瓊瓊：媽媽,短篇小說(乙類),,決審委員：李喬、吳魯芹、姚一葦、胡耀恆、楊念慈。,
649,聯合報小說獎,第七屆,1982,並列,王定國：君父的一日,短篇小說(乙類),,決審委員：李喬、吳魯芹、姚一葦、胡耀恆、楊念慈。,
650,聯合報小說獎,第七屆,1982,並列,周慶華：那十五張存根,短篇小說(乙類),,決審委員：李喬、吳魯芹、姚一葦、胡耀恆、楊念慈。,
651,聯合報小說獎,第七屆,1982,並列,羅振昌：寒雨,短篇小說(乙類),,決審委員：李喬、吳魯芹、姚一葦、胡耀恆、楊念慈。,
652,聯合報小說獎,第七屆,1982,並列,蘅蕪：燕翩翩,短篇小說(乙類),,決審委員：李喬、吳魯芹、姚一葦、胡耀恆、楊念慈。,
653,聯合報小說獎,第七屆,1982,並列,彭選賢：決定,短篇小說(乙類),,決審委員：李喬、吳魯芹、姚一葦、胡耀恆、楊念慈。,
654,聯合報小說獎,第七屆,1982,並列,蔡澔淇：天地悠悠,短篇小說(乙類),,決審委員：李喬、吳魯芹、姚一葦、胡耀恆、楊念慈。,
655,聯合報小說獎,第七屆,1982,並列,曹麗娟：紅顏,短篇小說(乙類),,決審委員：李喬、吳魯芹、姚一葦、胡耀恆、楊念慈。,
656,聯合報小說獎,第七屆,1982,並列,曾永莉：離別,短篇小說(乙類),,決審委員：李喬、吳魯芹、姚一葦、胡耀恆、楊念慈。,
657,聯合報小說獎,第七屆,1982,並列,梁建民：遠方,短篇小說(乙類),,決審委員：李喬、吳魯芹、姚一葦、胡耀恆、楊念慈。,
658,聯合報小說獎,第七屆,1982,並列,張系國：香格里拉,短篇小說(推薦),,決審委員：李喬、吳魯芹、姚一葦、胡耀恆、楊念慈。,
659,聯合報小說獎,第七屆,1982,並列,蕭颯：死了一個國中女生之後,短篇小說(推薦),,決審委員：李喬、吳魯芹、姚一葦、胡耀恆、楊念慈。,
660,聯合報小說獎,第七屆,1982,特別推薦,龍瑛宗：勁風與野草,短篇小說,,決審委員：李喬、吳魯芹、姚一葦、胡耀恆、楊念慈。,
661,聯合報小說獎,第七屆,1982,並列,潘貴昌：煙鎖重樓,中篇小說,,決審委員：白先勇、高陽、端木方、蔡源煌、龍瑛宗。,
662,聯合報小說獎,第七屆,1982,並列,莊展鵬：溫泉家鄉,中篇小說,,決審委員：白先勇、高陽、端木方、蔡源煌、龍瑛宗。,
663,聯合報小說獎,第七屆,1982,並列,蘇偉貞：世間女子,中篇小說,,決審委員：白先勇、高陽、端木方、蔡源煌、龍瑛宗。,
664,聯合報小說獎,第七屆,1982,,從缺,長篇小說(應徵),,決審委員：白先勇、高陽、端木方、蔡源煌、龍瑛宗。,
665,聯合報小說獎、附設散文獎,第八屆,1983,第一名,路平：玉米田之死,短篇小說,《小說潮──聯合報第八、九屆小說獎作品集》(1983.12)梅家玲編，《彈子王——青少年台灣文庫小說讀本3》(五南，2006年),決審委員：尼洛、白先勇、司馬中原、林懷民、高陽、蔣勳、鄭樹森。,來稿360篇，複審48篇，決審18篇。本屆開始「附設散文獎」。
666,聯合報小說獎、附設散文獎,第八屆,1983,第二名,盧非易：斜陽餘一寸,短篇小說,,決審委員：尼洛、白先勇、司馬中原、林懷民、高陽、蔣勳、鄭樹森。,
667,聯合報小說獎、附設散文獎,第八屆,1983,第三名,黃凡：將軍之淚,短篇小說,,決審委員：尼洛、白先勇、司馬中原、林懷民、高陽、蔣勳、鄭樹森。,
668,聯合報小說獎、附設散文獎,第八屆,1983,並列,西西：像我這樣一個女子,短篇小說(推薦),,決審委員：尼洛、白先勇、司馬中原、林懷民、高陽、蔣勳、鄭樹森。,
669,聯合報小說獎、附設散文獎,第八屆,1983,並列,施叔青：窯變,短篇小說(推薦),,決審委員：尼洛、白先勇、司馬中原、林懷民、高陽、蔣勳、鄭樹森。,
670,聯合報小說獎、附設散文獎,第八屆,1983,第一名,李昂：殺夫,中篇小說,,決審委員：尼洛、白先勇、司馬中原、林懷民、高陽、蔣勳、鄭樹森。,來稿47篇，複審8篇，決審6篇。
671,聯合報小說獎、附設散文獎,第八屆,1983,特別推薦,廖輝英：不歸路,中篇小說,,決審委員：尼洛、白先勇、司馬中原、林懷民、高陽、蔣勳、鄭樹森。,
672,聯合報小說獎、附設散文獎,第八屆,1983,第一名,吉廣輿：赤子,散文,,,
673,聯合報小說獎、附設散文獎,第八屆,1983,第二名,郭永元：文華市場,散文,,,
674,聯合報小說獎、附設散文獎,第八屆,1983,第三名,游瑞華：給歹徒的一封信,散文,,,
675,聯合報小說獎、附設散文獎,第八屆,1983,,姚一葦,特別貢獻,,,
676,聯合報小說獎,第九屆,1984,第一名,張大春：牆,短篇小說,《小說潮──聯合報第八、九屆小說獎作品集》(1983.12),決審委員：朱炎、姚一葦、高陽、黃慶萱、齊邦媛、楊念慈、鄭清文。,
677,聯合報小說獎,第九屆,1984,第二名,盧非易：煙塵舊夢,短篇小說,,決審委員：朱炎、姚一葦、高陽、黃慶萱、齊邦媛、楊念慈、鄭清文。,
678,聯合報小說獎,第九屆,1984,第三名,潘貴昌：何日君再來,短篇小說,,決審委員：朱炎、姚一葦、高陽、黃慶萱、齊邦媛、楊念慈、鄭清文。,
679,聯合報小說獎,第九屆,1984,,黃凡：慈悲的滋味,中篇小說,,決審委員：朱炎、姚一葦、高陽、黃慶萱、齊邦媛、楊念慈、鄭清文。,來稿39篇，決審6篇。
680,聯合報小說獎,第十屆,1988,並列,王勇吉：似曾相識燕歸來,極短篇,《小說潮──聯合報第十屆小說獎作品集》(1989.3),,來稿179篇，複審38篇，決審7篇。
681,聯合報小說獎,第十屆,1988,並列,張允中：闖陣,極短篇,,,
682,聯合報小說獎,第十屆,1988,並列,溫瑞安：掃出來的興,極短篇,,,
683,聯合報小說獎,第十屆,1988,並列,何偉康：半瓶子油,極短篇,,,
684,聯合報小說獎,第十屆,1988,並列,王家祥：攀木蜥蜴,極短篇,,,
685,聯合報小說獎,第十屆,1988,並列,溫小平：孝心,極短篇,,,
686,聯合報小說獎,第十屆,1988,並列,應鳳凰：美麗之旅,極短篇,,,
687,聯合報小說獎,第十屆,1988,並列,洪世佑：豬仔的牽手,極短篇,,,
688,聯合報小說獎,第十屆,1988,並列,苦苓：我得獎了,極短篇,,,
689,聯合報小說獎,第十屆,1988,並列,屠佳：黃婆婆,極短篇,,,
690,聯合報小說獎,第十屆,1988,第一名,黃櫻：賣家,短篇小說,陳雨航編，《七十八年短篇小說選》(爾雅),決審委員：朱西甯、馬森、高陽、黃碧端、鄭樹森。 ,
691,聯合報小說獎,第十屆,1988,第二名,張國立：不知誰家的狗......,短篇小說,,決審委員：朱西甯、馬森、高陽、黃碧端、鄭樹森。 ,
692,聯合報小說獎,第十屆,1988,第三名,唐婕：唱戲,短篇小說,,決審委員：朱西甯、馬森、高陽、黃碧端、鄭樹森。 ,
693,聯合報小說獎,第十屆,1988,佳作,李慧敏：開刀,短篇小說,,決審委員：朱西甯、馬森、高陽、黃碧端、鄭樹森。 ,
694,聯合報小說獎,第十屆,1988,佳作,葉姿麟：陸上的魚,短篇小說,,決審委員：朱西甯、馬森、高陽、黃碧端、鄭樹森。 ,擔任第十九屆(1997)聯合報文學獎短篇小說組初複審委員。
695,聯合報小說獎,第十屆,1988,佳作,搏生：愛情機器,短篇小說,,決審委員：朱西甯、馬森、高陽、黃碧端、鄭樹森。 ,
696,聯合報小說獎,第十屆,1988,,莫言：白狗鞦韆架,大陸地區短篇小說推薦獎,,決審委員：朱西甯、馬森、高陽、黃碧端、鄭樹森。 ,本屆首設「大陸地區短篇推薦獎」，由鄭樹森、馬森、王德威揀選近兩年發表作品。
697,聯合報小說獎,第十屆,1988,並列,李黎：傾城,中篇小說,,決審委員：李永瓶、姚一葦、施淑女、蔡源煌、劉紹銘。 ,來稿22件，決審4篇。
698,聯合報小說獎,第十屆,1988,並列,劉夏：百日煉命記,中篇小說,,決審委員：李永瓶、姚一葦、施淑女、蔡源煌、劉紹銘。 ,
699,聯合報小說獎,第十屆,1988,特別獎,阿興(李順興)：非是非,長篇小說,,決審委員：李永瓶、姚一葦、施淑女、蔡源煌、劉紹銘。 ,來稿15件，決審4篇。「獻給五十年代台灣的鄉村兒童」
700,聯合報小說獎,第十一屆,1989,第一名,平路：台灣奇蹟,短篇小說,《小說潮──聯合報第十一屆小說獎作品集》(1990.3),決審委員：姚一葦、楊昌年、林耀福、周英雄、張大春。,來稿168篇，複審39篇，決審13篇。張大春是「首位擔任小說獎決審的年輕作家」。
701,聯合報小說獎,第十一屆,1989,第二名,王宣一：叢林感覺,短篇小說,,決審委員：姚一葦、楊昌年、林耀福、周英雄、張大春。,
702,聯合報小說獎,第十一屆,1989,第三名,姜天陸(1962─)：檳榔村紀事,短篇小說,,決審委員：姚一葦、楊昌年、林耀福、周英雄、張大春。,
703,聯合報小說獎,第十一屆,1989,佳作,常罡：人異途殊,短篇小說,,決審委員：姚一葦、楊昌年、林耀福、周英雄、張大春。,
704,聯合報小說獎,第十一屆,1989,佳作,詹美涓：移站,短篇小說,,決審委員：姚一葦、楊昌年、林耀福、周英雄、張大春。,擔任第十九屆(1997)、二十屆(1998)聯合報文學獎短篇小說組、二十一屆(1999)極短篇初複審委員。
705,聯合報小說獎,第十一屆,1989,佳作,于桑：埋狗,短篇小說,,決審委員：姚一葦、楊昌年、林耀福、周英雄、張大春。,
706,聯合報小說獎,第十一屆,1989,並列,張靄珠：白色的教室,極短篇,,評審委員：陳黎、陳家帶、愛亞、簡媜、黃秀慧、蘇偉貞、瘂弦。,來稿365篇。
707,聯合報小說獎,第十一屆,1989,並列,楊照(李明駿)：胖,極短篇,,評審委員：陳黎、陳家帶、愛亞、簡媜、黃秀慧、蘇偉貞、瘂弦。,
708,聯合報小說獎,第十一屆,1989,並列,方杞：心傳,極短篇,,評審委員：陳黎、陳家帶、愛亞、簡媜、黃秀慧、蘇偉貞、瘂弦。,
709,聯合報小說獎,第十一屆,1989,並列,溫小平：狩獵,極短篇,,評審委員：陳黎、陳家帶、愛亞、簡媜、黃秀慧、蘇偉貞、瘂弦。,
710,聯合報小說獎,第十一屆,1989,並列,苦苓：心愛的,極短篇,,評審委員：陳黎、陳家帶、愛亞、簡媜、黃秀慧、蘇偉貞、瘂弦。,
711,聯合報小說獎,第十一屆,1989,並列,趙鴻鵬：面具,極短篇,,評審委員：陳黎、陳家帶、愛亞、簡媜、黃秀慧、蘇偉貞、瘂弦。,
712,聯合報小說獎,第十一屆,1989,並列,劉滌凡：美麗的男朋友,極短篇,,評審委員：陳黎、陳家帶、愛亞、簡媜、黃秀慧、蘇偉貞、瘂弦。,
713,聯合報小說獎,第十一屆,1989,並列,馮菊枝：骨氣,極短篇,,評審委員：陳黎、陳家帶、愛亞、簡媜、黃秀慧、蘇偉貞、瘂弦。,
714,聯合報小說獎,第十一屆,1989,並列,詹美涓：花雨傘,極短篇,,評審委員：陳黎、陳家帶、愛亞、簡媜、黃秀慧、蘇偉貞、瘂弦。,
715,聯合報小說獎,第十一屆,1989,,韓少功：謀殺,短篇小說(大陸地區)(推薦),,評審委員：陳黎、陳家帶、愛亞、簡媜、黃秀慧、蘇偉貞、瘂弦。,鄭樹森、王德威、戴天揀選近一年發表作品，6篇進入決審。
716,聯合報小說獎,第十一屆,1989,第一名,李若男：叮噹貓的夢,中篇小說,,決審委員：彭歌、司馬中原、陳長房、陳幼石、李喬。,來稿43篇，複審11篇，決審7篇。
717,聯合報小說獎,第十一屆,1989,第二名,林明華：單車失竊記,中篇小說,,決審委員：彭歌、司馬中原、陳長房、陳幼石、李喬。,
718,聯合報小說獎暨附設報導文學獎,第十二屆,1990,並列,楊照：落髮,極短篇小說,《小說潮──聯合報第十二屆小說獎暨附設報導文學獎作品集》(1991.3),,
719,聯合報小說獎暨附設報導文學獎,第十二屆,1990,並列,張啟疆：故事,極短篇小說,,,
720,聯合報小說獎暨附設報導文學獎,第十二屆,1990,並列,鄒敦怜：一種遊戲,極短篇小說,,,
721,聯合報小說獎暨附設報導文學獎,第十二屆,1990,並列,顧肇森：最驚天動地的愛情,極短篇小說,,,
722,聯合報小說獎暨附設報導文學獎,第十二屆,1990,第二名,顧肇森：素月,短篇小說,,決審委員：朱西甯、東年、鄭樹森、蔡源煌、鍾肇政。,來稿263篇，複審30篇，決審11篇。本屆應徵短篇小說「第一名」，從缺。
723,聯合報小說獎暨附設報導文學獎,第十二屆,1990,第三名,戴文采：邊城雙俠,短篇小說,,決審委員：朱西甯、東年、鄭樹森、蔡源煌、鍾肇政。,
724,聯合報小說獎暨附設報導文學獎,第十二屆,1990,佳作,李岳華：紅顏男子,短篇小說,,決審委員：朱西甯、東年、鄭樹森、蔡源煌、鍾肇政。,
725,聯合報小說獎暨附設報導文學獎,第十二屆,1990,佳作,王宣一：凝視的年代,短篇小說,,決審委員：朱西甯、東年、鄭樹森、蔡源煌、鍾肇政。,
726,聯合報小說獎暨附設報導文學獎,第十二屆,1990,,蘇童：儀式的完成,短篇小說(大陸地區)(推薦),,王德威、戴天、鄭樹森。,決審6篇。
727,聯合報小說獎暨附設報導文學獎,第十二屆,1990,第二名,羅辰生：大雜院,中篇小說,,決審委員：陳映真、金恆杰、高天恩。,來稿34篇，決審5篇。本屆應徵小說「第一名」，從缺。
728,聯合報小說獎暨附設報導文學獎,第十二屆,1990,第二名,徐植蔚：去坐雲霄飛車，好嗎？,中篇小說,,決審委員：陳映真、金恆杰、高天恩。,
729,聯合報小說獎暨附設報導文學獎,第十二屆,1990,第一名,劉還月：重重後山尋平埔,報導文學,,決審委員：林文月、高信彊、張錯。,
730,聯合報小說獎暨附設報導文學獎,第十二屆,1990,推薦獎,吳弘答：五八六,報導文學,,決審委員：林文月、高信彊、張錯。,
731,聯合報小說獎暨附設新詩獎、報導文學,第十三屆,1991,並列,林裕翼：白雪公主,極短篇小說,《小說潮──聯合報第十三屆小說獎暨附設新詩獎、報導文學獎作品集》(1992.11),,
732,聯合報小說獎暨附設新詩獎、報導文學,第十三屆,1991,並列,薛憶潙：生活中的細節,極短篇小說,,,
733,聯合報小說獎暨附設新詩獎、報導文學,第十三屆,1991,並列,張啟疆：生,極短篇小說,,,
734,聯合報小說獎暨附設新詩獎、報導文學,第十三屆,1991,並列,徐錦成：情書團,極短篇小說,,,
735,聯合報小說獎暨附設新詩獎、報導文學,第十三屆,1991,並列,鄧榮坤：咸豐草,極短篇小說,,,
736,聯合報小說獎暨附設新詩獎、報導文學,第十三屆,1991,並列,楊寶山：火燒甘蔗,極短篇小說,,,
737,聯合報小說獎暨附設新詩獎、報導文學,第十三屆,1991,第一名,曹麗娟：童女之舞,短篇小說,《小說今視界》(2003.3),決審委員：齊邦媛(主席)、馬各、鄭清文、李有成、張大春。,來稿277篇，複審40篇，決審10篇。本屆首設「新詩獎」。
738,聯合報小說獎暨附設新詩獎、報導文學,第十三屆,1991,第二名,李渡予：解嚴時代的愛情故事,短篇小說,,決審委員：齊邦媛(主席)、馬各、鄭清文、李有成、張大春。,
739,聯合報小說獎暨附設新詩獎、報導文學,第十三屆,1991,第三名,林裕翼：我愛張愛玲,短篇小說,,決審委員：齊邦媛(主席)、馬各、鄭清文、李有成、張大春。,
740,聯合報小說獎暨附設新詩獎、報導文學,第十三屆,1991,並列,王小波：黃金時代,中篇小說,,決審委員：齊邦媛(主席)、馬各、鄭清文、李有成、張大春。,
741,聯合報小說獎暨附設新詩獎、報導文學,第十三屆,1991,並列,李順興：廢五金少年的偉大夢想,中篇小說,,決審委員：齊邦媛(主席)、馬各、鄭清文、李有成、張大春。,
742,聯合報小說獎暨附設新詩獎、報導文學,第十三屆,1991,,呂新：人家的閨女有花戴,大陸地區短篇小說推薦獎,,決審委員：齊邦媛(主席)、馬各、鄭清文、李有成、張大春。,鄭樹森、王德威、戴天揀選近一年發表作品，5篇進入決審。
743,聯合報小說獎暨附設新詩獎、報導文學,第十三屆,1991,並列,蘇紹連：小孩與昆蟲的對話,新詩,,決審委員：余光中、林亨泰、洛夫、楊牧、瘂弦。,
744,聯合報小說獎暨附設新詩獎、報導文學,第十三屆,1991,並列,謝昭華：班吉在染坊,新詩,,決審委員：余光中、林亨泰、洛夫、楊牧、瘂弦。,
745,聯合報小說獎暨附設新詩獎、報導文學,第十三屆,1991,並列,方群：北竿島組曲,新詩,,決審委員：余光中、林亨泰、洛夫、楊牧、瘂弦。,
746,聯合報小說獎暨附設新詩獎、報導文學,第十三屆,1991,並列,張藹珠：默劇演員之死,新詩,,決審委員：余光中、林亨泰、洛夫、楊牧、瘂弦。,
747,聯合報小說獎暨附設新詩獎、報導文學,第十三屆,1991,並列,王貞君：嘴巴可以決定自己的存在,新詩,,決審委員：余光中、林亨泰、洛夫、楊牧、瘂弦。,
748,聯合報小說獎暨附設新詩獎、報導文學,第十三屆,1991,並列,陳思鹿：台北週記,新詩,,決審委員：余光中、林亨泰、洛夫、楊牧、瘂弦。,
749,聯合報小說獎暨附設新詩獎、報導文學,第十三屆,1991,第一獎,從缺,報導文學,,決審委員：馬森、黃碧端、簡媜。,來稿41篇，決審7篇。
750,聯合報小說獎暨附設新詩獎、報導文學,第十三屆,1991,第二獎,黃文博：瘟神傳奇,報導文學,,決審委員：馬森、黃碧端、簡媜。,
751,聯合報小說獎暨附設新詩獎、報導文學,第十三屆,1991,第三獎,展奮：瘋狂的海洛英,報導文學,,決審委員：馬森、黃碧端、簡媜。,
752,聯合報小說獎暨附設新詩獎、報導文學,第十三屆,1991,佳作,陳金生：烏腳病流行病學調查參與記,報導文學,,決審委員：馬森、黃碧端、簡媜。,
753,聯合報小說獎暨附設報導文學獎、新詩獎,第十四屆,1992,並列,楊照(李明駿，1963─，歲)：雪祭,極短篇小說,,評審委員：姚一葦、尼洛、王德威、尉天驄、馬森。,
754,聯合報小說獎暨附設報導文學獎、新詩獎,第十四屆,1992,並列,林裕翼(1963─，歲)：暮春,極短篇小說,,評審委員：姚一葦、尼洛、王德威、尉天驄、馬森。,
755,聯合報小說獎暨附設報導文學獎、新詩獎,第十四屆,1992,並列,董煜(，40歲)：合影,極短篇小說,,評審委員：姚一葦、尼洛、王德威、尉天驄、馬森。,
756,聯合報小說獎暨附設報導文學獎、新詩獎,第十四屆,1992,並列,張邂水(張瀛太，1965─)：將軍之戰,極短篇小說,,評審委員：姚一葦、尼洛、王德威、尉天驄、馬森。,
757,聯合報小說獎暨附設報導文學獎、新詩獎,第十四屆,1992,第一名,姜天陸(1962─，歲)：夜祭,短篇小說,,決審委員：司馬中原、金恆杰、齊邦媛、鄭樹森、鍾肇政。,
758,聯合報小說獎暨附設報導文學獎、新詩獎,第十四屆,1992,第二名,鄭俊宏(1964─，歲)：晚風,短篇小說,,決審委員：司馬中原、金恆杰、齊邦媛、鄭樹森、鍾肇政。,
759,聯合報小說獎暨附設報導文學獎、新詩獎,第十四屆,1992,第三名,黃英雄(1948─，歲)：幻想擊出一支全壘打,短篇小說,,決審委員：司馬中原、金恆杰、齊邦媛、鄭樹森、鍾肇政。,
760,聯合報小說獎暨附設報導文學獎、新詩獎,第十四屆,1992,,張國立(1955─，歲)：DA一一八事件,中篇小說,,決審委員：尉天驄、王德威、姚一葦、尼洛、李昂。,
761,聯合報小說獎暨附設報導文學獎、新詩獎,第十四屆,1992,正獎,于堅(1954─，歲，雲南人)：墜落的聲音,新詩,,,
762,聯合報小說獎暨附設報導文學獎、新詩獎,第十四屆,1992,正獎,羅葉(羅元輔，1965─)：幾件衣服與裸體,新詩,,,
763,聯合報小說獎暨附設報導文學獎、新詩獎,第十四屆,1992,正獎,鍾鳴(1953─，歲，四川人)：鳳兮,新詩,,,
764,聯合報小說獎暨附設報導文學獎、新詩獎,第十四屆,1992,正獎,虹影(1962─，歲，四川人，今在倫敦)：琴聲,新詩,,,
765,聯合報小說獎暨附設報導文學獎、新詩獎,第十四屆,1992,佳作,王明玉(1959─，歲，籍貫不詳)：我遇見一個匠人,新詩,,,
766,聯合報小說獎暨附設報導文學獎、新詩獎,第十四屆,1992,佳作,蕭旭宏(1961─，歲)：金屬二題,新詩,,,
767,聯合報小說獎暨附設報導文學獎、新詩獎,第十四屆,1992,佳作,陳大為(1969─，歲)：尸毗王,新詩,,,
768,聯合報小說獎暨附設報導文學獎、新詩獎,第十四屆,1992,佳作,鴻鴻(閻鴻亞，1964─)：未來的時刻,新詩,,,
769,聯合報小說獎暨附設報導文學獎、新詩獎,第十四屆,1992,第二名,顧肇森(1954─，歲)：槍為他說了一切,報導文學,,葉慶炳、瘂弦、李瑞騰。,本屆應徵報導文學「第一名」，從缺。
770,聯合報小說獎暨附設報導文學獎、新詩獎,第十四屆,1992,佳作,劉還月(1958─，歲)：尋訪噶瑪蘭,報導文學,,葉慶炳、瘂弦、李瑞騰。,
771,聯合報小說獎暨附設報導文學獎、新詩獎,第十四屆,1992,佳作,張伯笠(生年不詳，黑龍江人，今在美)：逃亡鐵幕內,報導文學,,葉慶炳、瘂弦、李瑞騰。,
772,聯合報文學獎暨附設報導文學獎、新詩獎,第十五屆,1993,並列,于疆(江雨，1937─，江西人，今在美)：架子豬,極短篇小說,《小說潮──聯合報第十五屆小說獎暨附設報導文學獎作品集、新詩獎》(1993.11),評審委員：陳黎、王浩威、莊裕安、田新彬、孫瑋芒、林煥彰、馮曼倫、陳克華。,來稿311篇(餘不詳)，決審25篇。
773,聯合報文學獎暨附設報導文學獎、新詩獎,第十五屆,1993,並列,張瀛太(1965─，歲)：菩薩的貢品,極短篇小說,,評審委員：陳黎、王浩威、莊裕安、田新彬、孫瑋芒、林煥彰、馮曼倫、陳克華。,
774,聯合報文學獎暨附設報導文學獎、新詩獎,第十五屆,1993,並列,江世芳(1964─，歲)：無伴奏大提琴,極短篇小說,,評審委員：陳黎、王浩威、莊裕安、田新彬、孫瑋芒、林煥彰、馮曼倫、陳克華。,
775,聯合報文學獎暨附設報導文學獎、新詩獎,第十五屆,1993,並列,蘇姝(蘇瑞姝，生年不詳)：我是一隻蝴蝶,極短篇小說,,評審委員：陳黎、王浩威、莊裕安、田新彬、孫瑋芒、林煥彰、馮曼倫、陳克華。,
776,聯合報文學獎暨附設報導文學獎、新詩獎,第十五屆,1993,第一名,朱玖輝(1965─，歲)：三十三歲CD的多餘週末和吊娃娃機的光榮,短篇小說,,決審委員：余光中(主席)、葉石濤、鄭樹森、隱地、聶華苓。,來稿216篇(國內156、海外21、大陸39)，複審26篇，決審11篇。首次對外投稿。
777,聯合報文學獎暨附設報導文學獎、新詩獎,第十五屆,1993,第二名,屠佳(1945─，歲，浙江人，1986年來臺)：古莊公園,短篇小說,,決審委員：余光中(主席)、葉石濤、鄭樹森、隱地、聶華苓。,
778,聯合報文學獎暨附設報導文學獎、新詩獎,第十五屆,1993,第三名,鄭俊宏(1964─，歲)：阿纖,短篇小說,,決審委員：余光中(主席)、葉石濤、鄭樹森、隱地、聶華苓。,
779,聯合報文學獎暨附設報導文學獎、新詩獎,第十五屆,1993,第三名,陳慧婉(筆名子玩，1961─，歲，今在美國)：孔子一行,短篇小說,,決審委員：余光中(主席)、葉石濤、鄭樹森、隱地、聶華苓。,
780,聯合報文學獎暨附設報導文學獎、新詩獎,第十五屆,1993,,王東滿(1941─，歲，山西人)：活人難,中篇小說,,決審委員：孟瑤、李喬、朱炎、陳映真、吳念真。,來稿36篇(餘不詳)，決審4篇。
781,聯合報文學獎暨附設報導文學獎、新詩獎,第十五屆,1993,,蔡素芬(1963─，歲)：鹽田兒女,長篇小說,,決審委員：孟瑤、李喬、朱炎、陳映真、吳念真。,來稿18篇(餘不詳)，決審3篇。
782,聯合報文學獎暨附設報導文學獎、新詩獎,第十五屆,1993,並列,黃龍杰(1964─，歲)：舞蹈課,新詩,,決審委員：蓉子(主席)、戴天、敻虹、張默、瘂弦。,來稿457篇(國內3/5、海外2/5)，複選63篇，決審19篇。
783,聯合報文學獎暨附設報導文學獎、新詩獎,第十五屆,1993,並列,陳萬福(筆名揚觀，1966─，歲)：椅子與我,新詩,,決審委員：蓉子(主席)、戴天、敻虹、張默、瘂弦。,
784,聯合報文學獎暨附設報導文學獎、新詩獎,第十五屆,1993,並列,吳瑩(1969─，歲)：在消失他的那個地方,新詩,,決審委員：蓉子(主席)、戴天、敻虹、張默、瘂弦。,
785,聯合報文學獎暨附設報導文學獎、新詩獎,第十五屆,1993,並列,洪騂(洪進業，1964─)：石龜駄碑,新詩,,決審委員：蓉子(主席)、戴天、敻虹、張默、瘂弦。,
786,聯合報文學獎暨附設報導文學獎、新詩獎,第十五屆,1993,並列,蔡富澧(1961─，歲)：悲愴的靈魂(外三首),新詩,,決審委員：蓉子(主席)、戴天、敻虹、張默、瘂弦。,
787,聯合報文學獎暨附設報導文學獎、新詩獎,第十五屆,1993,佳作,周愚(周平之，1970─，今在美)：歸來的軍刀,報導文學,,決審委員：林文月(主席)、張作錦、李利國。,來稿24篇，決審7篇(國內5、海外2)。
788,聯合報文學獎暨附設報導文學獎、新詩獎,第十五屆,1993,佳作,覃瑞(1926─，歲，今在美)：辛亥後裔,報導文學,,決審委員：林文月(主席)、張作錦、李利國。,
789,聯合報文學獎暨附設報導文學獎、新詩獎,第十五屆,1993,入選,王雲龍(1957─，歲)：一場遊戲一場夢,報導文學,,決審委員：林文月(主席)、張作錦、李利國。,
790,聯合報文學獎暨附設報導文學獎、新詩獎,第十五屆,1993,入選,喜樂(1915─，歲，北京人)：北京不是一天造成的,報導文學,,決審委員：林文月(主席)、張作錦、李利國。,
791,聯合報文學獎暨吳魯芹散文獎,第十六屆,1994,第一名,畢淑敏(不詳，新疆人)：紫色人形,極短篇小說,《飛翔之光──聯合報文學獎一九九四卷》(1994.11),評審委員：瘂弦(主席)、隱地、張子璋。,來稿459篇(國內389、海外46、大陸24)，複選60篇，決審15篇。
792,聯合報文學獎暨吳魯芹散文獎,第十六屆,1994,第二名,徐秋香(1956─，歲)：魔巷,極短篇小說,,評審委員：瘂弦(主席)、隱地、張子璋。,
793,聯合報文學獎暨吳魯芹散文獎,第十六屆,1994,第三名,張永琛(1963─，歲，遼寧人)：老酒,極短篇小說,,評審委員：瘂弦(主席)、隱地、張子璋。,
794,聯合報文學獎暨吳魯芹散文獎,第十六屆,1994,佳作,謝惠生(1946─，歲)：方人,極短篇小說,,評審委員：瘂弦(主席)、隱地、張子璋。,
795,聯合報文學獎暨吳魯芹散文獎,第十六屆,1994,佳作,林燿德(林耀德，1962─，歲)：找尋雲豹,極短篇小說,,評審委員：瘂弦(主席)、隱地、張子璋。,
796,聯合報文學獎暨吳魯芹散文獎,第十六屆,1994,佳作,李銀祥(1964─，歲，浙江人)：喜豬,極短篇小說,,評審委員：瘂弦(主席)、隱地、張子璋。,
797,聯合報文學獎暨吳魯芹散文獎,第十六屆,1994,佳作,劉雅馨(1971─，歲)：青春墓誌銘,極短篇小說,,評審委員：瘂弦(主席)、隱地、張子璋。,
798,聯合報文學獎暨吳魯芹散文獎,第十六屆,1994,第一名,嚴歌苓(，35歲，今在美)：海那邊,短篇小說,張芬齡編，《八十三年短篇小說選》(爾雅),決審委員：姚一葦(主席)、呂正惠、尉天驄、張大春。,來稿236篇(國內162、海外35、大陸39)，複選28篇，決審12篇。
799,聯合報文學獎暨吳魯芹散文獎,第十六屆,1994,第二名,陳慧婉(筆名子玩，1961─，歲)：我的偶像,短篇小說,,決審委員：姚一葦(主席)、呂正惠、尉天驄、張大春。,
800,聯合報文學獎暨吳魯芹散文獎,第十六屆,1994,第三名,姚人多(1969─，歲)：紀登斯事件,短篇小說,,決審委員：姚一葦(主席)、呂正惠、尉天驄、張大春。,
801,聯合報文學獎暨吳魯芹散文獎,第十六屆,1994,佳作,劉叔慧(1969─，歲)：梨香的星期天,短篇小說,,決審委員：姚一葦(主席)、呂正惠、尉天驄、張大春。,
802,聯合報文學獎暨吳魯芹散文獎,第十六屆,1994,佳作,蔡測海(1952─，歲，湖南人)：斧斧斧,短篇小說,,決審委員：姚一葦(主席)、呂正惠、尉天驄、張大春。,
803,聯合報文學獎暨吳魯芹散文獎,第十六屆,1994,評審獎,王小波(1952─，歲，北京人)：未來世界,中篇小說,,決審委員：平路、東年、履彊、王德威。,來稿47篇(國內23、海外11、大陸13)，複選36篇，決審5篇。
804,聯合報文學獎暨吳魯芹散文獎,第十六屆,1994,評審獎,陳介山(1951─，歲)：天下第一村幹事,中篇小說,,決審委員：平路、東年、履彊、王德威。,
805,聯合報文學獎暨吳魯芹散文獎,第十六屆,1994,,從缺,長篇小說,,決審委員：朱西甯(主席)、施淑女、陳映真、鄭樹森。,來稿25篇(國內13、海外8、大陸3，案：數字少一)，複選11篇，決審4篇。
806,聯合報文學獎暨吳魯芹散文獎,第十六屆,1994,第一名,唐捐(劉正忠，1968─，歲)：「暗中」三首,新詩,,決審委員：洛夫(主席)、張漢良、蕭蕭、陳黎。,來稿401篇(餘不詳)，複選58篇，決審15篇。
807,聯合報文學獎暨吳魯芹散文獎,第十六屆,1994,第二名,李霖生(1959─，歲)：《男性精品大圖鑑》九四年版增刊,新詩,,決審委員：洛夫(主席)、張漢良、蕭蕭、陳黎。,
808,聯合報文學獎暨吳魯芹散文獎,第十六屆,1994,第三名,施夢紅(施至隆，1955─，歲)：在雨歇的午後聽Lipatti談巴哈,新詩,,決審委員：洛夫(主席)、張漢良、蕭蕭、陳黎。,
809,聯合報文學獎暨吳魯芹散文獎,第十六屆,1994,第一名,唐捐(見上)：暗中,散文,,決審委員：林良、楊牧、陳列、簡媜。,來稿192(合格184)篇，複選36篇，決審16篇。
810,聯合報文學獎暨吳魯芹散文獎,第十六屆,1994,第二名,洪素麗(1947─，歲)：溯河的季節,散文,,決審委員：林良、楊牧、陳列、簡媜。,
811,聯合報文學獎暨吳魯芹散文獎,第十六屆,1994,第三名,林燿德(見上)：動物園,散文,,決審委員：林良、楊牧、陳列、簡媜。,
812,聯合報文學獎暨吳魯芹散文獎,第十六屆,1994,第一名,焦桐(葉振富，1956─，歲)：失去地址的人,報導文學,,決審委員：王力行(主席)、南方朔、李瑞騰、翁台生。,來稿65篇(餘不詳)，決審13篇。
813,聯合報文學獎暨吳魯芹散文獎,第十六屆,1994,第二名,劉還月(1958─，歲)：回不去的山後鳥,報導文學,,決審委員：王力行(主席)、南方朔、李瑞騰、翁台生。,
814,聯合報文學獎暨吳魯芹散文獎,第十六屆,1994,第三名,劉克襄(1957─，歲)：凡鳥之歌,報導文學,,決審委員：王力行(主席)、南方朔、李瑞騰、翁台生。,
815,聯合報文學獎暨吳魯芹散文獎,第十六屆,1994,佳作,李靜修(1966─，歲)：前山第一城之竹事,報導文學,,決審委員：王力行(主席)、南方朔、李瑞騰、翁台生。,
816,聯合報文學獎暨吳魯芹散文獎,第十六屆,1994,,莊裕安(1959─，歲)：「會唱歌的螺旋槳」等散文集,第11屆吳魯芹散文獎,,決審委員：林良、楊牧、陳列、簡媜。,聯副推薦2人。
817,聯合報文學獎,第十七屆,1995,第一名,譚中道(1965─)：滄海之一粟,短篇小說,《我寫故我在——聯合報文學獎一九九五卷》,決審委員：朱炎(主席)、李喬、莊信正、劉紀蕙、陳長房。,來稿223篇，決審16篇。
818,聯合報文學獎,第十七屆,1995,第二名,朱令峪：草木皆兵,短篇小說,,決審委員：朱炎(主席)、李喬、莊信正、劉紀蕙、陳長房。,
819,聯合報文學獎,第十七屆,1995,第三名,張永琛：走夜海,短篇小說,,決審委員：朱炎(主席)、李喬、莊信正、劉紀蕙、陳長房。,
820,聯合報文學獎,第十七屆,1995,佳作,虹影：飛翔,短篇小說,,決審委員：朱炎(主席)、李喬、莊信正、劉紀蕙、陳長房。,
821,聯合報文學獎,第十七屆,1995,佳作,黃錦樹：說故事者,短篇小說,,決審委員：朱炎(主席)、李喬、莊信正、劉紀蕙、陳長房。,
822,聯合報文學獎,第十七屆,1995,首獎,紀大偉：膜,中篇小說,,決審委員：齊邦媛、楊昌年、吳念真、袁瓊瓊、馬森。,
823,聯合報文學獎,第十七屆,1995,評審獎,嚴歌苓：扶桑,長篇小說,,評審委員：陳映真(主席)、尼洛、王德威、施叔青、胡錦媛。,來稿33篇，決審5篇。
824,聯合報文學獎,第十七屆,1995,特別獎,董啟章：雙身,長篇小說,,評審委員：陳映真(主席)、尼洛、王德威、施叔青、胡錦媛。,
825,聯合報文學獎,第十七屆,1995,第一名,陳黎：福爾摩莎．一六六一,新詩,,,
826,聯合報文學獎,第十七屆,1995,第二名,彭譽之：存在的聲音,新詩,,,
827,聯合報文學獎,第十七屆,1995,第三名,陳大為：再鴻門,新詩,,,
828,聯合報文學獎,第十七屆,1995,第一名,林志豪：尋魂,散文,,,
829,聯合報文學獎,第十七屆,1995,第二名,凌拂：台灣紋白蝶,散文,,,
830,聯合報文學獎,第十七屆,1995,第三名,楊稼生：失去的童話,散文,,,
831,聯合報文學獎,第十七屆,1995,第一名,王蜀桂：台灣島語系的最後知音──外籍神父,報導文學,,決審委員：黃碧端、曾永義、柯慶明。,
832,聯合報文學獎,第十七屆,1995,第二名,張典婉：一些大陳人的故事,報導文學,,決審委員：黃碧端、曾永義、柯慶明。,
833,聯合報文學獎,第十七屆,1995,第三名,劉克襄：荒狗,報導文學,,決審委員：黃碧端、曾永義、柯慶明。,
834,聯合報文學獎暨吳魯芹散文獎,第十八屆,1996,第一名,黎紫書(林寶玲，1971─)：蛆魘,短篇小說,《美麗新世界——聯合報文學獎一九九六卷》,決審委員：李喬(主席)、宋美華、李永平、張小虹、鄭樹森。,來稿207篇，複審30篇，決審26篇。
835,聯合報文學獎暨吳魯芹散文獎,第十八屆,1996,第二名,陳鴻仁：拓展票源的最後方法,短篇小說,,決審委員：李喬(主席)、宋美華、李永平、張小虹、鄭樹森。,
836,聯合報文學獎暨吳魯芹散文獎,第十八屆,1996,第三名,蘇月美：雞,短篇小說,,決審委員：李喬(主席)、宋美華、李永平、張小虹、鄭樹森。,
837,聯合報文學獎暨吳魯芹散文獎,第十八屆,1996,佳作,陳峻菁：做個好漢子,短篇小說,,決審委員：李喬(主席)、宋美華、李永平、張小虹、鄭樹森。,
838,聯合報文學獎暨吳魯芹散文獎,第十八屆,1996,佳作,張啟疆：老人家,短篇小說,,決審委員：李喬(主席)、宋美華、李永平、張小虹、鄭樹森。,
839,聯合報文學獎暨吳魯芹散文獎,第十八屆,1996,首獎,郭雪波：大漠魂,中篇小說,,決審委員：東年、吳念真、陳若曦。,
840,聯合報文學獎暨吳魯芹散文獎,第十八屆,1996,第一名,鴻鴻：我也會說我的語言,新詩,,委員：陳家帶、楊牧、瘂弦、鍾玲、蕭蕭。,
841,聯合報文學獎暨吳魯芹散文獎,第十八屆,1996,第二名,李霖生：詠物,新詩,,委員：陳家帶、楊牧、瘂弦、鍾玲、蕭蕭。,
842,聯合報文學獎暨吳魯芹散文獎,第十八屆,1996,第三名,羅葉：在棒球場,新詩,,委員：陳家帶、楊牧、瘂弦、鍾玲、蕭蕭。,
843,聯合報文學獎暨吳魯芹散文獎,第十八屆,1996,第一名,柯嘉智：答問,散文,,決審委員：施叔青、張曉風、沈謙、董橋、林水福。,
844,聯合報文學獎暨吳魯芹散文獎,第十八屆,1996,第二名,陳建志：萬寶堂之火,散文,,決審委員：施叔青、張曉風、沈謙、董橋、林水福。,
845,聯合報文學獎暨吳魯芹散文獎,第十八屆,1996,第三名,鄭立明：畫個一,散文,,決審委員：施叔青、張曉風、沈謙、董橋、林水福。,
846,聯合報文學獎暨吳魯芹散文獎,第十八屆,1996,第三名,張啟疆：安寧病房,散文,,決審委員：施叔青、張曉風、沈謙、董橋、林水福。,
847,聯合報文學獎暨吳魯芹散文獎,第十八屆,1996,第二名,林雲閣：誰傷了撒拉茅的心？,報導文學,,決審委員：胡台麗、李瑞騰、黃年。,本屆報導文學甄選「第一名」，從缺。
848,聯合報文學獎暨吳魯芹散文獎,第十八屆,1996,第三名,馮傑：兩個人和一座學校,報導文學,,決審委員：胡台麗、李瑞騰、黃年。,
849,聯合報文學獎暨吳魯芹散文獎,第十八屆,1996,第三名,張典婉：討海查某人──記錄台灣一群女漁夫的故事,報導文學,,決審委員：胡台麗、李瑞騰、黃年。,
850,聯合報文學獎暨吳魯芹散文獎,第十八屆,1996,,黃碧端：「期待一個城市」等三種,第13屆吳魯芹散文獎,,決審委員：施叔青、張曉風、沈謙、董橋、林水福。,
851,聯合報文學獎,第十九屆,1997,第一名,張啟疆：俄羅斯娃娃,短篇小說,《向時間下戰帖──聯合報文學獎一九九七卷》(1998.1)焦桐編，《八十六年短篇小說選》(爾雅),決審委員：馬森(主席)、王德威、平路、楊照、鄭樹森。,來稿233篇，決審21篇。
852,聯合報文學獎,第十九屆,1997,第二名,林明謙：濕遊戲,短篇小說,,決審委員：馬森(主席)、王德威、平路、楊照、鄭樹森。,
853,聯合報文學獎,第十九屆,1997,第三名,吳鈞堯：球人,短篇小說,,決審委員：馬森(主席)、王德威、平路、楊照、鄭樹森。,
854,聯合報文學獎,第十九屆,1997,佳作,鍾文音：一天兩個人,短篇小說,,決審委員：馬森(主席)、王德威、平路、楊照、鄭樹森。,
855,聯合報文學獎,第十九屆,1997,佳作,章緣：大水之夜,短篇小說,,決審委員：馬森(主席)、王德威、平路、楊照、鄭樹森。,
856,聯合報文學獎,第十九屆,1997,評審,李晶、李盈：沈雪,長篇小說,,決審委員：朱西甯(主席)、陳映真、吳潛誠、袁瓊瓊、張大春。,來稿34篇，複審12篇，決審5篇。
857,聯合報文學獎,第十九屆,1997,推薦,張讓：迴旋,長篇小說,,決審委員：朱西甯(主席)、陳映真、吳潛誠、袁瓊瓊、張大春。,
858,聯合報文學獎,第十九屆,1997,推薦,杜修蘭：默,長篇小說,,決審委員：朱西甯(主席)、陳映真、吳潛誠、袁瓊瓊、張大春。,
859,聯合報文學獎,第十九屆,1997,第一名,李進文：價值,新詩,,決審委員：席慕容(主席)、白靈、向明、陳黎、羅智成。,
860,聯合報文學獎,第十九屆,1997,第二名,黃嘿：海的事實裡的，船的說法,新詩,,決審委員：席慕容(主席)、白靈、向明、陳黎、羅智成。,
861,聯合報文學獎,第十九屆,1997,第三名,裘小龍：在異國的詩行(給光明),新詩,,決審委員：席慕容(主席)、白靈、向明、陳黎、羅智成。,
862,聯合報文學獎,第十九屆,1997,第三名,匡國泰：看見——山之旅回憶,新詩,,決審委員：席慕容(主席)、白靈、向明、陳黎、羅智成。,
863,聯合報文學獎,第十九屆,1997,第一名,鍾怡雯：給時間的戰帖,散文,,決審委員：楊牧、瘂弦、簡媜、焦桐、周芬伶。,來稿292篇，決審16篇。
864,聯合報文學獎,第十九屆,1997,第二名,鄭景中：變身,散文,,決審委員：楊牧、瘂弦、簡媜、焦桐、周芬伶。,
865,聯合報文學獎,第十九屆,1997,第三名,邱惠珠：國民用藥手冊,散文,,決審委員：楊牧、瘂弦、簡媜、焦桐、周芬伶。,
866,聯合報文學獎,第十九屆,1997,第一名,楊樹清：被遺忘的兩岸邊緣人,報導文學,,決審委員：王浩威、林明德、邱坤良、黃碧端、蔡詩萍。,來稿44篇，複審37篇，決審10篇。
867,聯合報文學獎,第十九屆,1997,第二名,丁曙：你為誰討回公道,報導文學,,決審委員：王浩威、林明德、邱坤良、黃碧端、蔡詩萍。,
868,聯合報文學獎,第十九屆,1997,第三名,林福岳：澹煙小鎮的希望種苗,報導文學,,決審委員：王浩威、林明德、邱坤良、黃碧端、蔡詩萍。,
869,聯合報文學獎,第二十屆,1998,第一名,李秉霖(1979─)：綠色,極短篇小說,《華年放異采──聯合報文學獎一九九八卷》(1998.12),評審委員：陳昌明、莊裕安、愛亞。,來稿287篇，複審58篇，決審17篇。極短篇停辦三年，首度恢復。
870,聯合報文學獎,第二十屆,1998,第二名,吳鈞堯(1967─)：洗髮,極短篇小說,,評審委員：陳昌明、莊裕安、愛亞。,
871,聯合報文學獎,第二十屆,1998,第三名,張惠菁(1971─)：影子,極短篇小說,,評審委員：陳昌明、莊裕安、愛亞。,
872,聯合報文學獎,第二十屆,1998,第一名,張金翼(貴州人，1940─)：蝦舞,短篇小說,,決審委員：朱天心、詹宏志、鄭清文、鄭樹森、廖咸浩。,
873,聯合報文學獎,第二十屆,1998,第二名,陳淑瑤(1967─)：暇,短篇小說,,決審委員：朱天心、詹宏志、鄭清文、鄭樹森、廖咸浩。,
874,聯合報文學獎,第二十屆,1998,評審獎,袁哲生(1966─)：沒有窗戶的房間,短篇小說,,決審委員：朱天心、詹宏志、鄭清文、鄭樹森、廖咸浩。,
875,聯合報文學獎,第二十屆,1998,評審獎,黃嘿(黃裕華，1968─)：後門外的春天事件,短篇小說,,決審委員：朱天心、詹宏志、鄭清文、鄭樹森、廖咸浩。,
876,聯合報文學獎,第二十屆,1998,評審獎,張惠菁(見上)：惡寒,中篇小說,,決審委員：平路、吳達芸、施叔青、陳長房、莊信正。,來稿67篇，決審6篇。
877,聯合報文學獎,第二十屆,1998,評審獎,樊小玉(四川人，1953─)：金色海灘,中篇小說,,決審委員：平路、吳達芸、施叔青、陳長房、莊信正。,
878,聯合報文學獎,第二十屆,1998,第二名,陳克華(1961─)：地下鐵,新詩,,決審委員：向陽、吳潛誠、初安民、鄭愁予、張錯。,來稿346篇(合格310)，複審37篇，決審14篇。本屆新詩「第一名」，從缺。
879,聯合報文學獎,第二十屆,1998,第二名,劉叔慧(1969─)：嘆息樹,新詩,,決審委員：向陽、吳潛誠、初安民、鄭愁予、張錯。,
880,聯合報文學獎,第二十屆,1998,第三名,簡捷(簡清淵，1956─)：我的城堡在遠方,新詩,,決審委員：向陽、吳潛誠、初安民、鄭愁予、張錯。,
881,聯合報文學獎,第二十屆,1998,第一名,唐捐(見上)：魚語搜異誌,散文,,決審委員：何寄澎、阿盛、陳芳明、楊牧、顏崑陽。,
882,聯合報文學獎,第二十屆,1998,第二名,簡捷(見上)：留駐,散文,,決審委員：何寄澎、阿盛、陳芳明、楊牧、顏崑陽。,
883,聯合報文學獎,第二十屆,1998,第三名,瓦歷斯．諾幹(漢名吳俊傑，1961─)：威爾斯記載,散文,,決審委員：何寄澎、阿盛、陳芳明、楊牧、顏崑陽。,
884,聯合報文學獎,第二十屆,1998,第一名,楊樹清(1962─)：天堂之路,報導文學,,決審委員：古蒙仁、黃啟方、龔鵬程。,來稿35篇(國內20、海外13、大陸2)(合格31)，決審9篇。
885,聯合報文學獎,第二十屆,1998,第二名,包念澄(1967─)：神秘夜客,報導文學,,決審委員：古蒙仁、黃啟方、龔鵬程。,
886,聯合報文學獎,第二十屆,1998,第三名,李曉菁(1975─)：蒸氣火車CK101復活,報導文學,,決審委員：古蒙仁、黃啟方、龔鵬程。,
887,聯合報文學獎,第二十屆,1998,,周芬伶(1955─)：「熱夜」等散文集六種,第1屆吳魯芹散文獎,,決審委員：何寄澎、阿盛、陳芳明、楊牧、顏崑陽。,
888,聯合報文學獎,第二十一屆,1999,第一名,紀大偉(1972─)：早餐,極短篇小說,《新的寫作時代──聯合報文學獎一九九九卷》(1999.11),評審委員：林黛嫚、張淑英、趙衛民、隱地。,來稿336篇，決審15篇。
889,聯合報文學獎,第二十一屆,1999,第二名,張德寧(湖南人，1950─)：飛向天堂,極短篇小說,,評審委員：林黛嫚、張淑英、趙衛民、隱地。,
890,聯合報文學獎,第二十一屆,1999,第三名,丁寶淑(1967─)：鈕釦,極短篇小說,,評審委員：林黛嫚、張淑英、趙衛民、隱地。,
891,聯合報文學獎,第二十一屆,1999,第一名,張瀛太(1965─)：西藏愛人,短篇小說,《小說今視界》(2003.3),決審委員：張大春(主席)、東年、施淑、陳映真、張小虹。,來稿410篇，決審16篇。
892,聯合報文學獎,第二十一屆,1999,第二名,陳淑瑤(1967─)：果真,短篇小說,《小說今視界》(2003.3),決審委員：張大春(主席)、東年、施淑、陳映真、張小虹。,
893,聯合報文學獎,第二十一屆,1999,第三名,樊小玉(見上)：野草莓,短篇小說,,決審委員：張大春(主席)、東年、施淑、陳映真、張小虹。,
894,聯合報文學獎,第二十一屆,1999,第一名,陳大為(見上)：還原,新詩,,決審委員：張默(主席)、林泠、渡也、彭鏡禧、簡政珍。,
895,聯合報文學獎,第二十一屆,1999,第二名,陳柏伶(1977─)：成熟的秘密──詩致一位女孩C.C.,新詩,,決審委員：張默(主席)、林泠、渡也、彭鏡禧、簡政珍。,
896,聯合報文學獎,第二十一屆,1999,評審獎,鍾宇鵬(1962─)：公寓生活,新詩,,決審委員：張默(主席)、林泠、渡也、彭鏡禧、簡政珍。,
897,聯合報文學獎,第二十一屆,1999,評審獎,紀小樣(紀明宗，1968─)：公寓生活,新詩,,決審委員：張默(主席)、林泠、渡也、彭鏡禧、簡政珍。,
898,聯合報文學獎,第二十一屆,1999,第一名,陳大為(見上)：木部十二劃,散文,,決審委員：王浩威、何淑貞、柯慶明、陳萬益、簡媜。,來稿264篇，決審15篇。
899,聯合報文學獎,第二十一屆,1999,第二名,鍾文音(1966─)：我的天可汗,散文,焦桐主編，《八十八年散文選》(九歌，2000年),決審委員：王浩威、何淑貞、柯慶明、陳萬益、簡媜。,
900,聯合報文學獎,第二十一屆,1999,第三名,李志薔(1966─)：天暗啦，轉來去燒香囉！,散文,,決審委員：王浩威、何淑貞、柯慶明、陳萬益、簡媜。,
901,聯合報文學獎,第二十一屆,1999,第二名,李曉菁(見上)：隱形浩劫,報導文學,,決審委員：李敏勇、林明德、林瑞明、焦桐。,來稿41篇，決審10篇。本屆報導文學「第一名」，從缺。
902,聯合報文學獎,第二十一屆,1999,第三名,李展平(1952─)：尋訪暗角癆病,報導文學,,決審委員：李敏勇、林明德、林瑞明、焦桐。,
903,聯合報文學獎,第二十二屆,2000,評審獎,何致和：在路上,短篇小說,,決審委員：鄭清文(主席)、李永平、李黎、尉天驄、陳芳明。,
904,聯合報文學獎,第二十二屆,2000,大獎,陳宛瑜：螺旋,大眾小說,,決審委員：朱炎、呂正惠、李昂、林水福、楊照。,本屆首設「大眾小說」獎，徵選「愛情小說」。
905,聯合報文學獎,第二十二屆,2000,評審獎,郭燕萍：她寂寞,大眾小說,,決審委員：朱炎、呂正惠、李昂、林水福、楊照。,
906,聯合報文學獎,第二十二屆,2000,大獎,廖偉棠：致一位南比克拉瓦族印地安少女,新詩,,決審委員：余光中、李敏勇、高天恩、鍾玲、羅智成。,來稿309篇，決審13篇。
907,聯合報文學獎,第二十二屆,2000,評審獎,馮傑：在母語時代,新詩,,決審委員：余光中、李敏勇、高天恩、鍾玲、羅智成。,
908,聯合報文學獎,第二十二屆,2000,大獎,高翊峰：料理一桌家常,散文,廖玉蕙主編，《八十九年散文選》(九歌，2001年),決審委員：王文進、何寄澎、陳列、黃碧端、廖玉蕙。,來稿167篇，決審15篇。
909,聯合報文學獎,第二十二屆,2000,評審獎,楊慎絢：圓山思索,散文,,決審委員：王文進、何寄澎、陳列、黃碧端、廖玉蕙。,
910,聯合報文學獎,第二十二屆,2000,,王浩威：「海岸浮現」等散文集六種,第17屆吳魯芹散文獎,,決審委員：王文進、何寄澎、陳列、黃碧端、廖玉蕙。,
911,聯合報文學獎,第二十三屆,2001,大獎,吳明益(1971─)：虎爺,短篇小說,《羅盤邊緣的標記──聯合報文學獎二○○一卷》(2001)李昂主編，《九十年小說選》(九歌，2002年),決審委員：彭瑞金(主席)、平路、范銘如、彭小妍、顏崑陽。,來稿245篇，複審31篇，決審12篇。
912,聯合報文學獎,第二十三屆,2001,評審獎,楊美紅(1976─)：夫妻,短篇小說,,決審委員：彭瑞金(主席)、平路、范銘如、彭小妍、顏崑陽。,
913,聯合報文學獎,第二十三屆,2001,評審獎,盧郁佳(1970─)：青雲路,大眾小說,,決審委員：龔鵬程(主席)、張大春、陳曉林。,來稿67篇，決審7篇。「大眾小說」獎，本屆徵選「武俠小說」。
914,聯合報文學獎,第二十三屆,2001,佳作獎,度小月(簡秉逸，1979─)：大俠,大眾小說,,決審委員：龔鵬程(主席)、張大春、陳曉林。,
915,聯合報文學獎,第二十三屆,2001,大獎,羅葉(見上)：告解,新詩,,決審委員：林泠(主席)、向陽、焦桐、簡政珍。,來稿399篇(合格396)，決審15篇。
916,聯合報文學獎,第二十三屆,2001,評審獎,李進文(1965─)：波赫士看不見我,新詩,,決審委員：林泠(主席)、向陽、焦桐、簡政珍。,
917,聯合報文學獎,第二十三屆,2001,大獎,呂政達(1962─)：度父,散文,,決審委員：何寄澎(主席)、周芬伶、陳昌明、蕭蕭。,來稿224篇，決審13篇。
918,聯合報文學獎,第二十三屆,2001,推薦獎,莫非(陳惠琬，1957─)：從前，很久以前,散文,,決審委員：何寄澎(主席)、周芬伶、陳昌明、蕭蕭。,
919,聯合報文學獎,第二十三屆,2001,推薦獎,陳慶元(1971─)：與歷史鏖戰,散文,,決審委員：何寄澎(主席)、周芬伶、陳昌明、蕭蕭。,
920,聯合報文學獎,第二十四屆,2002,大獎,童偉格：王考,短篇小說,,決審委員：平路(主席)、李奭學、楊照、廖炳惠、劉森堯。,來稿243篇，複審31篇，決審11篇。
921,聯合報文學獎,第二十四屆,2002,評審獎,甘耀明：伯公討妾,短篇小說,,決審委員：平路(主席)、李奭學、楊照、廖炳惠、劉森堯。,
922,聯合報文學獎,第二十四屆,2002,大獎,顏忠政：如果遇見古拉,新詩,,決審委員：李魁賢、羅智成、賴芳伶、楊牧。,
923,聯合報文學獎,第二十四屆,2002,評審獎,蔡逸君：百姓,新詩,,決審委員：李魁賢、羅智成、賴芳伶、楊牧。,
924,聯合報文學獎,第二十四屆,2002,大獎,徐國能：毒,散文,,決審委員：柯慶明、黃碧端、簡媜、龔鵬程。,來稿240篇，決審11篇。
925,聯合報文學獎,第二十四屆,2002,評審獎,許正平：婚前,散文,,決審委員：柯慶明、黃碧端、簡媜、龔鵬程。,
926,聯合報文學獎,第二十四屆,2002,,廖玉蕙：「五十歲的公主」等,第19屆吳魯芹散文獎,,,
927,聯合報文學獎,第二十五屆,2003,評審獎,于莉莉：流年,短篇小說,,決審委員：鄭樹森(主席)、陳映真、唐諾。,來稿493篇，決審12篇。本年僅有「短篇小說」與「新詩」兩獎項。
928,聯合報文學獎,第二十五屆,2003,評審獎,張瀛太：雨林，今夜如此美麗,短篇小說,,決審委員：鄭樹森(主席)、陳映真、唐諾。,(案：因故，取消得獎資格)
929,聯合報文學獎,第二十五屆,2003,評審獎,丹穎：英瑪,短篇小說,,決審委員：鄭樹森(主席)、陳映真、唐諾。,
930,聯合報文學獎,第二十五屆,2003,大獎,洗文光：一日將盡,新詩,,決審委員：瘂弦(主席)、林泠、趙衛民。,來稿651篇，決審12篇。
931,聯合報文學獎,第二十五屆,2003,評審獎,陳錦昌：炸彈小學,新詩,,決審委員：瘂弦(主席)、林泠、趙衛民。,
932,聯合報文學獎,第二十五屆,2003,評審獎,嚴忠政：遙遠的抵達,新詩,,決審委員：瘂弦(主席)、林泠、趙衛民。,
933,聯合報文學獎,第二十六屆,2004,大獎,郭光宇：我不是故意的,短篇小說,,決審委員：(主席)張曉風、南方朔、張大春、張曼娟。,來稿387篇，決審13篇。
934,聯合報文學獎,第二十六屆,2004,評審獎,郭昱沂：雪後,短篇小說,,決審委員：(主席)張曉風、南方朔、張大春、張曼娟。,
935,聯合報文學獎,第二十六屆,2004,評審獎,曾曉文：旋轉的硬幣,短篇小說,,決審委員：(主席)張曉風、南方朔、張大春、張曼娟。,
936,聯合報文學獎,第二十六屆,2004,大獎,達瑞(董秉哲)：近況,新詩,,決審委員：林冷、焦桐、楊牧。,來稿525篇，決審12篇。
937,聯合報文學獎,第二十六屆,2004,評審獎,邱稚亘：船長之歌,新詩,,決審委員：林冷、焦桐、楊牧。,
938,聯合報文學獎,第二十六屆,2004,評審獎,黃茂林：南方的甘蔗林,新詩,,決審委員：林冷、焦桐、楊牧。,
939,聯合報文學獎,第二十六屆,2004,大獎,龔萬輝：隔壁的房間,散文,,決審委員：周芬伶、黃碧端、蔣勳。,來稿328篇，複審33篇，決審11篇。
940,聯合報文學獎,第二十六屆,2004,評審獎,陳慶元：□,散文,,決審委員：周芬伶、黃碧端、蔣勳。,
941,聯合報文學獎,第二十六屆,2004,評審獎,莫非：說不完的畫,散文,,決審委員：周芬伶、黃碧端、蔣勳。,
942,聯合報文學獎,第二十七屆,2005,大獎,陳志鴻：腿,短篇小說,,決審委員：李黎、林鎮山、施叔青。,來稿396件，決審15篇。
943,聯合報文學獎,第二十七屆,2005,評審獎,劉翰師：像天堂一樣藍,短篇小說,,決審委員：李黎、林鎮山、施叔青。,
944,聯合報文學獎,第二十七屆,2005,評審獎,黎紫書：七日食遺,短篇小說,,決審委員：李黎、林鎮山、施叔青。,
945,聯合報文學獎,第二十七屆,2005,大獎,攸步：冬之舞,新詩,,決審委員：張錯、席慕容、陳黎。,
946,聯合報文學獎,第二十七屆,2005,評審獎,丁威仁：德布西變奏,新詩,,決審委員：張錯、席慕容、陳黎。,
947,聯合報文學獎,第二十七屆,2005,評審獎,李長青：歡迎來到我們的山眉,新詩,,決審委員：張錯、席慕容、陳黎。,
948,聯合報文學獎,第二十七屆,2005,大獎,黃信恩：壺水之鏡,散文,,決審委員：平路、何寄澎、廖玉蕙。,來稿325件，決審15篇。
949,聯合報文學獎,第二十七屆,2005,評審獎,向鴻全：歸藏,散文,,決審委員：平路、何寄澎、廖玉蕙。,
950,聯合報文學獎,第二十七屆,2005,評審獎,徐琛：移動的靈魂,散文,,決審委員：平路、何寄澎、廖玉蕙。,
951,聯合報文學獎,第二十八屆,2006,大獎,張萬康：大陶島,短篇小說,,決審委員：王正方、王德威、朱天心,
952,聯合報文學獎,第二十八屆,2006,評審獎,黃麗群：海邊的房間,短篇小說,,決審委員：王正方、王德威、朱天心,
953,聯合報文學獎,第二十八屆,2006,評審獎,許犀：繁花僧侶,短篇小說,,決審委員：王正方、王德威、朱天心,
954,聯合報文學獎,第二十八屆,2006,大獎,陳羿溱：火星文,新詩,,決審委員：路寒袖、鄭炯明、鄭愁予,來稿510篇，決審15篇。
955,聯合報文學獎,第二十八屆,2006,評審獎,王怡仁：不能涉足的遠方,新詩,,決審委員：路寒袖、鄭炯明、鄭愁予,
956,聯合報文學獎,第二十八屆,2006,評審獎,李長青：六十七號的孩子們,新詩,,決審委員：路寒袖、鄭炯明、鄭愁予,
957,聯合報文學獎,第二十八屆,2006,大獎,王威智：我的不肖老父,散文,,決審委員：張曉風、陳昌明、簡媜,來稿342篇，決審13篇。
958,聯合報文學獎,第二十八屆,2006,評審獎,米爾：舒緩的世界,散文,,決審委員：張曉風、陳昌明、簡媜,
959,聯合報文學獎,第二十八屆,2006,評審獎,許榮哲：遺落關鍵字的故事,散文,,決審委員：張曉風、陳昌明、簡媜,
960,聯合報文學獎,第二十九屆,2007,大獎,黃麗群：貓病,短篇小說,,決審委員：平路、唐諾、陳芳明,
961,聯合報文學獎,第二十九屆,2007,評審獎,吳億偉：借貸家庭,短篇小說,,決審委員：平路、唐諾、陳芳明,
962,聯合報文學獎,第二十九屆,2007,評審獎,達瑞(董秉哲)：再也不會的,短篇小說,,決審委員：平路、唐諾、陳芳明,
963,聯合報文學獎,第二十九屆,2007,大獎,楊佩真：平安夜,散文,,決審委員：廖玉蕙、簡媜、蔡詩萍,
964,聯合報文學獎,第二十九屆,2007,評審獎,侯紀萍：雪原年糕,散文,,決審委員：廖玉蕙、簡媜、蔡詩萍,
965,聯合報文學獎,第二十九屆,2007,評審獎,馮平：切,散文,,決審委員：廖玉蕙、簡媜、蔡詩萍,
966,聯合報文學獎,第二十九屆,2007,大獎,波戈拉(王勝南)：我是一只耳朵或者更多,新詩,,決審委員：南方朔、陳育虹、路寒袖,
967,聯合報文學獎,第二十九屆,2007,評審獎,曹尼(曹志田)：同名歸途,新詩,,決審委員：南方朔、陳育虹、路寒袖,
968,聯合報文學獎,第二十九屆,2007,評審獎,丁威仁：罌粟的真理,新詩,,決審委員：南方朔、陳育虹、路寒袖,
969,聯合報文學獎,第三十屆,2008,大獎,徐譽誠(1977-)：與情愛無關,短篇小說,,決審委員：呂正惠、李昂、張大春,
970,聯合報文學獎,第三十屆,2008,評審獎,賀淑芳(1967-)：夏天的旋風,短篇小說,,決審委員：呂正惠、李昂、張大春,
971,聯合報文學獎,第三十屆,2008,佳作,李順儀：那怎樣與無所謂,短篇小說,,決審委員：呂正惠、李昂、張大春,
972,聯合報文學獎,第三十屆,2008,佳作,林佑軒(1987-)：家拎師,短篇小說,,決審委員：呂正惠、李昂、張大春,
973,聯合報文學獎,第三十屆,2008,大獎,徐嘉澤(1975-)：有鬼,散文,,,
974,聯合報文學獎,第三十屆,2008,評審獎,李儀婷(1975-)：占風鐸,散文,,,
975,聯合報文學獎,第三十屆,2008,評審獎,陳柏青(1983-)：KTV暢遊指南,散文,,,
976,聯合報文學獎,第三十屆,2008,大獎,蕭吟薇(1981-)：出遊──悼P,新詩,,決審委員：李敏勇、陳黎、羅智成,
977,聯合報文學獎,第三十屆,2008,評審獎,雷子瑛(1978-)：SW11542,新詩,,決審委員：李敏勇、陳黎、羅智成,
978,聯合報文學獎,第三十屆,2008,評審獎,廖宏霖(1982-)：那些細節都走了,新詩,,決審委員：李敏勇、陳黎、羅智成,
979,聯合報文學獎,第三十屆,2008,,舒國治,吳魯芹散文獎,,,
980,聯合報文學獎,第三十一屆,2009,大獎,費瀅(1986-)：鳥,短篇小說,,決審委員：朱天心、彭小妍、駱以軍 ,
981,聯合報文學獎,第三十一屆,2009,評審獎,許琇禎(1963-)：裹,短篇小說,,決審委員：朱天心、彭小妍、駱以軍 ,
982,聯合報文學獎,第三十一屆,2009,評審獎,花柏容(1966-)：外星人進攻地球的那一天,短篇小說,,決審委員：朱天心、彭小妍、駱以軍 ,
983,聯合報文學獎,第三十一屆,2009,大獎,黃信恩(1982-)：扼口,散文,,決審委員：廖玉蕙、簡媜、蔡詩萍,
984,聯合報文學獎,第三十一屆,2009,評審獎,呂政達(1962-)：最快板,散文,,決審委員：廖玉蕙、簡媜、蔡詩萍,
985,聯合報文學獎,第三十一屆,2009,佳作,林力敏(1985-)：拍貼式自溺,散文,,決審委員：廖玉蕙、簡媜、蔡詩萍,
986,聯合報文學獎,第三十一屆,2009,佳作,王文美(1972-)：告別,散文,,決審委員：廖玉蕙、簡媜、蔡詩萍,
987,聯合報文學獎,第三十一屆,2009,大獎,達瑞(本名董秉哲，1979-)：石榴,新詩,,決審委員：南方朔、陳育虹、路寒袖,
988,聯合報文學獎,第三十一屆,2009,評審獎,游書珣(1982-)：餐桌上的陌生人,新詩,,決審委員：南方朔、陳育虹、路寒袖,
989,聯合報文學獎,第三十一屆,2009,評審獎,原筱菲(本名鄭迪菲，1993-)：組詩：四方盒子,新詩,,決審委員：南方朔、陳育虹、路寒袖,
990,聯合報文學獎,第三十二屆,2010,大獎,林佑軒(1987-)：女兒命,短篇小說,,決審委員：平路、唐諾、陳芳明,
991,聯合報文學獎,第三十二屆,2010,評審獎,施伊粧(1964-)：行過三月春光,短篇小說,,決審委員：平路、唐諾、陳芳明,
992,聯合報文學獎,第三十二屆,2010,評審獎,許裕全(1972-)：女豬,短篇小說,,決審委員：平路、唐諾、陳芳明,
993,聯合報文學獎,第三十二屆,2010,大獎,楊莉敏(1985-)：看太陽的方式,散文,,決審委員：何寄澎、顏崑陽、簡媜,
994,聯合報文學獎,第三十二屆,2010,評審獎,孫明成(1981-)：圍,散文,,決審委員：何寄澎、顏崑陽、簡媜,
995,聯合報文學獎,第三十二屆,2010,評審獎,馮傑(1964-)：一把碎銀,散文,,決審委員：何寄澎、顏崑陽、簡媜,
996,聯合報文學獎,第三十二屆,2010,大獎,林達陽(1982)：穿過霧一樣的黃昏,新詩,,決審委員：白靈、向陽、席慕蓉,
997,聯合報文學獎,第三十二屆,2010,評審獎,徐紅(1965-，中國作家協會會員)：彼時,新詩,,決審委員：白靈、向陽、席慕蓉,
998,聯合報文學獎,第三十二屆,2010,佳作,張繼琳(1967-)：今夏接近赤道,新詩,,決審委員：白靈、向陽、席慕蓉,
999,聯合報文學獎,第三十二屆,2010,佳作,丁威仁(1974-)：字音的流沙──致母親,新詩,,決審委員：白靈、向陽、席慕蓉,
1000,聯合報文學獎,第三十三屆,2011,大獎,陳麒淩(1974-，廣東陽江人)：買春,短篇小說,,出席：季季、南方朔、楊照,
1001,聯合報文學獎,第三十三屆,2011,評審獎,葉佳怡(1983-)：少女的怨恨,短篇小說,,出席：季季、南方朔、楊照,
1002,聯合報文學獎,第三十三屆,2011,評審獎,方達明(1968-，漳州師範學院物理系畢業)：氣球,短篇小說,,出席：季季、南方朔、楊照,
1003,聯合報文學獎,第三十三屆,2011,大獎,瓦歷斯‧諾幹(1961-)：七日讀,散文,,決審委員：朱天心、阿盛、張瑞芬,
1004,聯合報文學獎,第三十三屆,2011,評審獎,郭珊(1980-，中國重慶)：在路上,散文,,決審委員：朱天心、阿盛、張瑞芬,
1005,聯合報文學獎,第三十三屆,2011,評審獎,丁允恭(1976-)：飛行途中所（不）需要的,散文,,決審委員：朱天心、阿盛、張瑞芬,
1006,聯合報文學獎,第三十三屆,2011,評審獎,吳文超(1973-)：受詞,新詩,,決審委員：洪淑苓、陳義芝、羅智成,
1007,聯合報文學獎,第三十三屆,2011,評審獎,張耀仁(1987-)：在戀人的房間裡,新詩,,決審委員：洪淑苓、陳義芝、羅智成,
1008,聯合報文學獎,第三十三屆,2011,評審獎,黃胤諴(1985-)：指認,新詩,,決審委員：洪淑苓、陳義芝、羅智成,
1009,聯合報文學獎,第三十四屆,2012,大獎,李家沂：尺蠖,短篇小說,,決審委員：阮慶岳、駱以軍、鍾文音,
1010,聯合報文學獎,第三十四屆,2012,評審獎,舒貓：馴虎,短篇小說,,決審委員：阮慶岳、駱以軍、鍾文音,
1011,聯合報文學獎,第三十四屆,2012,評審獎,郭珊：情人,短篇小說,,決審委員：阮慶岳、駱以軍、鍾文音,
1012,聯合報文學獎,第三十四屆,2012,大獎,蔡怡：烤神仙,散文,,決審委員：何寄澎、李瑞騰、廖玉蕙,
1013,聯合報文學獎,第三十四屆,2012,評審獎,楊文馨：物種日記,散文,,決審委員：何寄澎、李瑞騰、廖玉蕙,
1014,聯合報文學獎,第三十四屆,2012,評審獎,阿布：結繩記事,散文,,決審委員：何寄澎、李瑞騰、廖玉蕙,
1015,聯合報文學獎,第三十四屆,2012,大獎,高亮亮：瓶裝人生,新詩,,決審委員：陳芳明、陳育虹、羅智成,
1016,聯合報文學獎,第三十四屆,2012,評審獎,吳鑒益：寂寞喬治,新詩,,決審委員：陳芳明、陳育虹、羅智成,
1017,聯合報文學獎,第三十四屆,2012,評審獎,王雄：識字歌,新詩,,決審委員：陳芳明、陳育虹、羅智成,
1018,聯合報文學獎,第三十四屆,2012,優選,熊一蘋：會飛喔,極短篇,,決審委員：周芬伶、陳克華、愛亞,
1019,聯合報文學獎,第三十四屆,2012,優選,張凱雯：溫柔子彈,極短篇,,決審委員：周芬伶、陳克華、愛亞,
1020,聯合報文學獎,第三十四屆,2012,優選,小冰：門,極短篇,,決審委員：周芬伶、陳克華、愛亞,
1021,聯合報文學獎,第三十四屆,2012,優選,楊瀅靜：鏡頭下,極短篇,,決審委員：周芬伶、陳克華、愛亞,
1022,聯合報文學獎,第三十四屆,2012,優選,吳宏軒：金魚,極短篇,,決審委員：周芬伶、陳克華、愛亞,
1023,聯合報文學獎,第三十四屆,2012,優選,陸海上：黑畫面,極短篇,,決審委員：周芬伶、陳克華、愛亞,
1024,聯合報文學獎,第三十四屆,2012,優選,王文美：看見,極短篇,,決審委員：周芬伶、陳克華、愛亞,
1025,聯合報文學獎,第三十四屆,2012,優選,楊美紅：坐在公園裡,極短篇,,決審委員：周芬伶、陳克華、愛亞,
1026,聯合報文學獎,第三十五屆,2013,大獎,陳柏言(1991-)：我們這裡也曾捕過鯨魚,短篇小說,,,
1027,聯合報文學獎,第三十五屆,2013,評審獎,"張怡微(1987-, 上海)：奧客",短篇小說,,,
1028,聯合報文學獎,第三十五屆,2013,評審獎,周桂音(1981-)：二宅一生,短篇小說,,,
1029,聯合報文學獎,第三十五屆,2013,大獎,葉國居(1965-)：螳螂問道,散文,,,
1030,聯合報文學獎,第三十五屆,2013,評審獎,"梁靖芬(1975-, 馬來西亞)：漏網",散文,,,
1031,聯合報文學獎,第三十五屆,2013,評審獎,宋麗麗(筆名「果然」，1976-，山東人，現居北京)：豬頭家宴,散文,,,
1032,聯合報文學獎,第三十五屆,2013,大獎,游書珣(1982-)：穿過葉尖的名字,新詩,,,
1033,聯合報文學獎,第三十五屆,2013,評審獎,李振豪(1981-)：動物園沒有,新詩,,,
1034,聯合報文學獎,第三十五屆,2013,評審獎,趙韡文(1992-)：證明,新詩,,,
1035,聯合報文學獎,第三十五屆,2013,優選,"謝增英(1974-, 馬來西亞)：結婚照",極短篇,,,
1036,聯合報文學獎,第三十五屆,2013,優選,游善鈞(1981-)：食療,極短篇,,,
1037,聯合報文學獎,第三十五屆,2013,優選,胡永盛(香港)：迷失,極短篇,,,
1038,聯合報文學獎,第三十五屆,2013,優選,陳曜裕(1982-)：木頭人,極短篇,,,
1039,聯合報文學獎,第三十五屆,2013,優選,邱靖巧(1981-)：降雨機率,極短篇,,,
1040,聯合報文學獎,第三十五屆,2013,優選,李秉朔(1977-)：她,極短篇,,,
1041,聯合報文學獎,第三十五屆,2013,優選,張曉惠(筆名蘇菲亞)：黑心貨,極短篇,,,
1042,聯合報文學獎,第三十五屆,2013,優選,陳韋任(筆名保溫冰)：嘶,極短篇,,,
1043,時報文學獎,第30屆,2007,首獎,陳柏青(1983-)：手機小說,短篇小說,,,
1044,時報文學獎,第30屆,2007,首獎,李儀婷：走電人,短篇小說,,,
1045,時報文學獎,第30屆,2007,評審獎,張家魯(1970-)：恐怖份子Terrorist,短篇小說,,,
1046,時報文學獎,第30屆,2007,評審獎,吳億偉(1978-)：撿神,短篇小說,,,
1047,時報文學獎,第30屆,2007,首獎,廖偉棠(1975-)：達摩山下，寫給達摩流浪者們,散文,,,
1048,時報文學獎,第30屆,2007,評審獎,吳億偉(1978-)：花蓮的戀人,散文,,,
1049,時報文學獎,第30屆,2007,評審獎,阿貝爾(本名李瑞平，1965-，現居四川)：零度水,散文,,,
1050,時報文學獎,第30屆,2007,首獎,磊兒(本名李盈儀，1984-)：我喜歡坐在你的位置看海的樣子,新詩,,,
1051,時報文學獎,第30屆,2007,評審獎,林達陽(1982-)：赴宴,新詩,,,
1052,時報文學獎,第30屆,2007,評審獎,嚴忠政：海外的一堂中文課,新詩,,,
1053,時報文學獎,第30屆,2007,評審獎,石芳瑜：重回社子島,鄉鎮書寫,,,
1054,時報文學獎,第30屆,2007,評審獎,顏嘉琪(1982-)：酸菜故鄉,鄉鎮書寫,,,
1055,時報文學獎,第31屆,2008,評審獎,米果：月光宅急便,短篇小說,,,
1056,時報文學獎,第31屆,2008,評審獎,壹通(本名張經宏，1969-)：賣貓記,短篇小說,,,
1057,時報文學獎,第31屆,2008,評審獎,陳育萱：蒂蒂,短篇小說,,,
1058,時報文學獎,第31屆,2008,評審獎,謝文賢(1976-)：真神,短篇小說,,,
1059,時報文學獎,第31屆,2008,首獎,如靈不語：王爺公、阿嬤和我,散文,,,
1060,時報文學獎,第31屆,2008,評審獎,"謝明成(1983-, 馬來西亞)：脫身術",散文,,,
1061,時報文學獎,第31屆,2008,評審獎,江凌青(1983-)：自助餐式書寫,散文,,,
1062,時報文學獎,第31屆,2008,評審獎,許嘉瑋：我與我所知的微型飢餓史,新詩,,,
1063,時報文學獎,第31屆,2008,評審獎,吳佳蕙(1986-)：時光,新詩,,,
1064,時報文學獎,第31屆,2008,評審獎,達瑞(本名董秉哲，1979-)：樂園,新詩,,,
1065,時報文學獎,第31屆,2008,首獎,陳俊志：人間．失格──高樹少年之死,報導文學,,,
1066,時報文學獎,第31屆,2008,評審獎,徐麗雯：米殤,報導文學,,,
1067,時報文學獎,第31屆,2008,評審獎,屠佳：河邊遺夢,報導文學,,,
1068,時報文學獎,第三十二屆,2009,首獎,壹通(張經宏)：壁虎,短篇小說,,,
1069,時報文學獎,第三十二屆,2009,評審獎,李振弘：失格,短篇小說,,,
1070,時報文學獎,第三十二屆,2009,評審獎,宋宣影(李天葆，馬來西亞吉隆坡出生，祖籍廣東大埔)：指環巷九號電話情事,短篇小說,,,
1071,時報文學獎,第三十二屆,2009,評審獎,馮傑：器皿記,散文,,,
1072,時報文學獎,第三十二屆,2009,評審獎,謝韻茹：有畔,散文,,,
1073,時報文學獎,第三十二屆,2009,評審獎,神小風：親愛的林宥嘉,散文,,,
1074,時報文學獎,第三十二屆,2009,首獎,沈政男：演化,新詩,,,
1075,時報文學獎,第三十二屆,2009,評審獎,王振聲：等到我們的眼睛長出了樹,新詩,,,
1076,時報文學獎,第三十二屆,2009,評審獎,吳文超：跟你一起去旅行,新詩,,,
1077,時報文學獎,第三十二屆,2009,優選,小玉西瓜(本名李鴻基)：佐藤達廣先生您好,書簡組──寫信給動漫人物,,,
1078,時報文學獎,第三十二屆,2009,優選,何俊穆：長大吧,書簡組──寫信給動漫人物,,,
1079,時報文學獎,第三十二屆,2009,優選,沈眠(本名沈信呈)：求道者──寫給跳舞中的小次郎,書簡組──寫信給動漫人物,,,
1080,時報文學獎,第三十二屆,2009,優選,林力敏：黑白的弟弟,書簡組──寫信給動漫人物,,,
1081,時報文學獎,第三十二屆,2009,優選,林則堯：木津同學,書簡組──寫信給動漫人物,,,
1082,時報文學獎,第三十二屆,2009,優選,尚豫翎：給我中學時代的初戀,書簡組──寫信給動漫人物,,,
1083,時報文學獎,第三十二屆,2009,優選,秀逗(本名陳秀惠)：打勾勾的約定,書簡組──寫信給動漫人物,,,
1084,時報文學獎,第三十二屆,2009,優選,黃美文：給烏魯基歐拉,書簡組──寫信給動漫人物,,,
1085,時報文學獎,第三十二屆,2009,優選,彭浩翔：回宜靜小姐,書簡組──寫信給動漫人物,,,
1086,時報文學獎,第三十二屆,2009,優選,裴學儒：致阿修羅男爵,書簡組──寫信給動漫人物,,,
1087,時報文學獎,第三十二屆,2009,優選,蔡文騫：天啊，阿尼復活了──致南方四賤客阿尼,書簡組──寫信給動漫人物,,,
1088,時報文學獎,第三十二屆,2009,優選,劉韋利：因為你是天才,書簡組──寫信給動漫人物,,,
1089,時報文學獎,第三十二屆,2009,優選,劉息壤：賜給我力量吧，希瑞姐姐,書簡組──寫信給動漫人物,,,
1090,時報文學獎,第三十二屆,2009,評審獎,丘小花：給乖乖的一封信,書簡組──寫信給動漫人物,,,
1091,時報文學獎,第三十三屆,2010,首獎,葉揚：阿媽的事,短篇小說,,,
1092,時報文學獎,第三十三屆,2010,評審獎,謝文賢：椅子,短篇小說,,,
1093,時報文學獎,第三十三屆,2010,評審獎,擬雀：接送,短篇小說,,,
1094,時報文學獎,第三十三屆,2010,首獎,楊邦尼：毒藥,散文,,,
1095,時報文學獎,第三十三屆,2010,評審獎,張怡微：大自鳴鐘之味,散文,,,
1096,時報文學獎,第三十三屆,2010,評審獎,曹疏影：錦繡，或蒙古人在翁布里亞,散文,,,
1097,時報文學獎,第三十三屆,2010,首獎,楊書軒：桃花源‧2010,新詩,,,
1098,時報文學獎,第三十三屆,2010,首獎,許裕全：Fistula,新詩,,,
1099,時報文學獎,第三十三屆,2010,評審獎,方路：父親的晚年像一尾遠方蛇,新詩,,,
1100,時報文學獎,第三十三屆,2010,優選,方秋停：兩面海洋,小品文組──台灣山水,,,
1101,時報文學獎,第三十三屆,2010,優選,石尚清：花崗山寫悠閒,小品文組──台灣山水,,,
1102,時報文學獎,第三十三屆,2010,優選,伍季：憂鬱的深度,小品文組──台灣山水,,,
1103,時報文學獎,第三十三屆,2010,優選,洪七公：狗眼,小品文組──台灣山水,,,
1104,時報文學獎,第三十三屆,2010,優選,洪素萱：禮物,小品文組──台灣山水,,,
1105,時報文學獎,第三十三屆,2010,優選,洪碩鴻：肥料,小品文組──台灣山水,,,
1106,時報文學獎,第三十三屆,2010,優選,張英珉：鳥啄梨,小品文組──台灣山水,,,
1107,時報文學獎,第三十三屆,2010,優選,黃裕文：飛去來,小品文組──台灣山水,,,
1108,時報文學獎,第三十三屆,2010,優選,廖梅旋：風中東埔,小品文組──台灣山水,,,
1109,時報文學獎,第三十三屆,2010,優選,鄭麗卿：午後的存在,小品文組──台灣山水,,,
1110,時報文學獎,第三十三屆,2010,優選,丘愛霖：親愛的克勞薩大人,書簡組──寫信給動漫人物,,,
1111,時報文學獎,第三十三屆,2010,優選,安耀潛：給章魚哥的信,書簡組──寫信給動漫人物,,,
1112,時報文學獎,第三十三屆,2010,優選,年華：親愛的鼬,書簡組──寫信給動漫人物,,,
1113,時報文學獎,第三十三屆,2010,優選,江欣樺：關於呼吸的意義,書簡組──寫信給動漫人物,,,
1114,時報文學獎,第三十三屆,2010,優選,李小克：涼宮，借給我妳的憂鬱,書簡組──寫信給動漫人物,,,
1115,時報文學獎,第三十三屆,2010,優選,林力敏：形變的身，不變的愛,書簡組──寫信給動漫人物,,,
1116,時報文學獎,第三十三屆,2010,優選,張俐璇：永遠的小叮噹,書簡組──寫信給動漫人物,,,
1117,時報文學獎,第三十三屆,2010,優選,陳柏青：此致金牛座,書簡組──寫信給動漫人物,,,
1118,時報文學獎,第三十三屆,2010,優選,黃彥瑄：拯救世界如此容易,書簡組──寫信給動漫人物,,,
1119,時報文學獎,第三十三屆,2010,優選,賴以威：宮城良田,書簡組──寫信給動漫人物,,,
1120,時報文學獎,第三十四屆,2011,首獎,黃正宇(1989-)：土匪,短篇小說,,,
1121,時報文學獎,第三十四屆,2011,評審獎,廖梅璇(1978-)：咕咕,短篇小說,,,
1122,時報文學獎,第三十四屆,2011,評審獎,錢佳楠(1988-，上海)：一顆死牙,短篇小說,,,
1123,時報文學獎,第三十四屆,2011,首獎,吳妮民(1981-)：週間旅行,散文,,,
1124,時報文學獎,第三十四屆,2011,評審獎,方肯(1983-，馬來西亞)：修書記　,散文,,,
1125,時報文學獎,第三十四屆,2011,評審獎,陳葦珊：麥麥群島,散文,,,
1126,時報文學獎,第三十四屆,2011,首獎,陳宗暉(1983-)：地圖作業,新詩,,,
1127,時報文學獎,第三十四屆,2011,評審獎,林禹瑄(1989-)：對坐,新詩,,,
1128,時報文學獎,第三十四屆,2011,評審獎,陳昌遠(1983-)：試著變得矯情,新詩,,,
1129,時報文學獎,第三十四屆,2011,優選,Ian(本名黃信恩，1982-)：雨後暴發戶,小品文組──台灣山水,,,
1130,時報文學獎,第三十四屆,2011,優選,方秋停：拾蚵,小品文組──台灣山水,,,
1131,時報文學獎,第三十四屆,2011,優選,沈政男(1968-)：百龍之島,小品文組──台灣山水,,,
1132,時報文學獎,第三十四屆,2011,優選,沈眠(1976-)：玻璃,小品文組──台灣山水,,,
1133,時報文學獎,第三十四屆,2011,優選,李時雍：背海的海──給南方澳,小品文組──台灣山水,,,
1134,時報文學獎,第三十四屆,2011,優選,李振豪(1981-)：形同於土地的事物,小品文組──台灣山水,,,
1135,時報文學獎,第三十四屆,2011,優選,陳宗暉(1983-)：海浪依舊是海浪,小品文組──台灣山水,,,
1136,時報文學獎,第三十四屆,2011,優選,陳維鸚：快速的風景,小品文組──台灣山水,,,
1137,時報文學獎,第三十四屆,2011,優選,陳玖：在眾神的花園歌唱,小品文組──台灣山水,,,
1138,時報文學獎,第三十四屆,2011,優選,謝瑞珍：涸劫,小品文組──台灣山水,,,
1139,時報文學獎,第三十四屆,2011,優選,李振弘：致雛田──那個溫柔的孩子已離去,書簡組──寫信給動漫人物,,,
1140,時報文學獎,第三十四屆,2011,優選,李振豪(1981-)：請教他說話,書簡組──寫信給動漫人物,,,
1141,時報文學獎,第三十四屆,2011,優選,林筱薇：MADAO的生活態度,書簡組──寫信給動漫人物,,,
1142,時報文學獎,第三十四屆,2011,優選,周紘立：丸時間,書簡組──寫信給動漫人物,,,
1143,時報文學獎,第三十四屆,2011,優選,袁亞(1984-)：與小新話家常,書簡組──寫信給動漫人物,,,
1144,時報文學獎,第三十四屆,2011,優選,張玉儒：來自二十一世紀,書簡組──寫信給動漫人物,,,
1145,時報文學獎,第三十四屆,2011,優選,勒虎：為了你的純情和果敢──致美環,書簡組──寫信給動漫人物,,,
1146,時報文學獎,第三十四屆,2011,優選,盛浩偉(1988-)：生命的減法與活著的加法──給西爾爾克,書簡組──寫信給動漫人物,,,
1147,時報文學獎,第三十四屆,2011,優選,游常山(1963-)：寫給寶馬王子　,書簡組──寫信給動漫人物,,,
1148,時報文學獎,第三十四屆,2011,優選,"裴學儒(1976-)：Hello, Kitty",書簡組──寫信給動漫人物,,,
1149,時報文學獎,第三十五屆,2012,首獎,連明偉(1983-)：苔生,短篇小說,,,
1150,時報文學獎,第三十五屆,2012,評審獎,黃淑假(1987-)：金花,短篇小說,,,
1151,時報文學獎,第三十五屆,2012,評審獎,羅士庭(1987-)：淺色的那條,短篇小說,,,
1152,時報文學獎,第三十五屆,2012,首獎,盛浩偉(1988-)：沒有疼痛,散文,,,
1153,時報文學獎,第三十五屆,2012,評審獎,曾翎龍(馬來西亞)：丼,散文,,,
1154,時報文學獎,第三十五屆,2012,評審獎,游善鈞：開始寫這篇文章,散文,,,
1155,時報文學獎,第三十五屆,2012,首獎,波戈拉(1985-)：造字的人──「文明，始於兩人之間的細節。」,新詩,,,
1156,時報文學獎,第三十五屆,2012,評審獎,阿布(本名劉峻豪)：致死者,新詩,,,
1157,時報文學獎,第三十五屆,2012,評審獎,陳胤(本名陳利成)：我的詩跟著賴和的前進前進,新詩,,,
1158,時報文學獎,第三十五屆,2012,評審獎,張英珉：與達爾文對談,新詩,,,
1159,時報文學獎,第三十五屆,2012,優選,林筱薇：友人在家,小品文組──台灣山水,,,
1160,時報文學獎,第三十五屆,2012,優選,吳星瑩：飛行的城市街道,小品文組──台灣山水,,,
1161,時報文學獎,第三十五屆,2012,優選,吳建興：悠舞山路,小品文組──台灣山水,,,
1162,時報文學獎,第三十五屆,2012,優選,阿布(本名劉峻豪)：最後的普通車之旅──給J,小品文組──台灣山水,,,
1163,時報文學獎,第三十五屆,2012,優選,"陳林(本名陳新添,1955-)：屏東鎮安小站",小品文組──台灣山水,,,
1164,時報文學獎,第三十五屆,2012,優選,陳慧潔(1992-)：鄉村青,小品文組──台灣山水,,,
1165,時報文學獎,第三十五屆,2012,優選,番紅花(本名王碧珠)：山中筍,小品文組──台灣山水,,,
1166,時報文學獎,第三十五屆,2012,優選,許雅婷(1991-)：採種田一景,小品文組──台灣山水,,,
1167,時報文學獎,第三十五屆,2012,優選,游書珣：廚房裡的雙人舞,小品文組──台灣山水,,,
1168,時報文學獎,第三十五屆,2012,優選,潘貞仁(1967-)：喧囂夏夜,小品文組──台灣山水,,,
1169,時報文學獎,第三十五屆,2012,優選,李安婷(1991-)：給龍貓先生的一封信,書簡組──寫信給動漫人物,,,
1170,時報文學獎,第三十五屆,2012,優選,吳佳韋：致  漫無止盡八月的長門有希,書簡組──寫信給動漫人物,,,
1171,時報文學獎,第三十五屆,2012,優選,吳建興：遙遠思念──致麵包超人,書簡組──寫信給動漫人物,,,
1172,時報文學獎,第三十五屆,2012,優選,牽心(本名陳怡萱)：唐老鴨式語,書簡組──寫信給動漫人物,,,
1173,時報文學獎,第三十五屆,2012,優選,神神(本名沈宗霖，1990-)：無語觀世音,書簡組──寫信給動漫人物,,,
1174,時報文學獎,第三十五屆,2012,優選,陳欣怡(1993-)：無臉男,書簡組──寫信給動漫人物,,,
1175,時報文學獎,第三十五屆,2012,優選,黃文俊(1989-)：事情的真相，永遠只有一個,書簡組──寫信給動漫人物,,,
1176,時報文學獎,第三十五屆,2012,優選,黃蘭新：妮可．羅賓……海賊王,書簡組──寫信給動漫人物,,,
1177,時報文學獎,第三十五屆,2012,優選,廖啟廷：罪人的挑戰書──致奇樂,書簡組──寫信給動漫人物,,,
1178,時報文學獎,第三十五屆,2012,優選,劉威廷(1986-)：給我心中的男孩──碇真嗣,書簡組──寫信給動漫人物,,,
1179,時報文學獎,第三十六屆,2013,首獎,張怡微(1987-，上海)：哀眠,短篇小說,,,
1180,時報文學獎,第三十六屆,2013,評審獎,張婉雯(香港) ：明叔的一天,短篇小說,,,
1181,時報文學獎,第三十六屆,2013,評審獎,"楊莎(1988-,陝西省西安) ：魚汛",短篇小說,,,
1182,時報文學獎,第三十六屆,2013,首獎,林巧棠(1989-) ：錯位,散文,,,
1183,時報文學獎,第三十六屆,2013,評審獎,高自芬 ：夜航,散文,,,
1184,時報文學獎,第三十六屆,2013,評審獎,黃克全：迷溪記,散文,,,
1185,時報文學獎,第三十六屆,2013,首獎,張繼琳(1967-) ：舊石器時代,新詩,,,
1186,時報文學獎,第三十六屆,2013,評審獎,蕭皓瑋(筆名童安，1994-)：青春自述,新詩,,,
1187,時報文學獎,第三十六屆,2013,優選,李彥瑩：家栽時光,小品文組──台灣山水,,,
1188,時報文學獎,第三十六屆,2013,優選,鄭楣潔(1981-)：慣行農法,小品文組──台灣山水,,,
1189,時報文學獎,第三十六屆,2013,優選,鄧力豪：秀才窩,小品文組──台灣山水,,,
1190,時報文學獎,第三十六屆,2013,優選,林力敏：戰嶺小草,小品文組──台灣山水,,,
1191,時報文學獎,第三十六屆,2013,優選,蘇梓欽(1984-)：河堤,小品文組──台灣山水,,,
1192,時報文學獎,第三十六屆,2013,優選,邱淑娟(1992-)：木泣,小品文組──台灣山水,,,
1193,時報文學獎,第三十六屆,2013,優選,"董秉哲(筆名達瑞,1979)：很難找到的路",小品文組──台灣山水,,,
1194,時報文學獎,第三十六屆,2013,優選,李凱珺：晚安，阿里山,小品文組──台灣山水,,,
1195,時報文學獎,第三十六屆,2013,優選,賴舒亞：向山舉目,小品文組──台灣山水,,,
1196,時報文學獎,第三十六屆,2013,優選,沈眠(1976-)：他人的天使,小品文組──台灣山水,,,
1197,時報文學獎,第三十六屆,2013,優選,黃美曦(1983-)：致帕拉格維斯特先生,書簡組──寫信給文學作家,,,
1198,時報文學獎,第三十六屆,2013,優選,蘇園雅(1984-)：因為你，我在路上,書簡組──寫信給文學作家,,,
1199,時報文學獎,第三十六屆,2013,優選,趙文豪(1986-)：一位青年藝術家的畫像─致七等生,書簡組──寫信給文學作家,,,
1200,時報文學獎,第三十六屆,2013,優選,段以苓：森茉莉女士 芳鑒,書簡組──寫信給文學作家,,,
1201,時報文學獎,第三十六屆,2013,優選,"梨衡(1986-,湖北)：給里爾克的一封信",書簡組──寫信給文學作家,,,
1202,時報文學獎,第三十六屆,2013,優選,蔡琳森(1982-)：我與班雅明的一場夢,書簡組──寫信給文學作家,,,
1203,時報文學獎,第三十六屆,2013,優選,李安婷(1991-)：好好活著,書簡組──寫信給文學作家,,,
1204,時報文學獎,第三十六屆,2013,優選,鄭若珣：再見，玉波師！,書簡組──寫信給文學作家,,,
1205,時報文學獎,第三十六屆,2013,優選,林巧棠(1989-)：牠們的眼睛──致艾莉絲‧沃克,書簡組──寫信給文學作家,,,
1206,時報文學獎,第三十六屆,2013,優選,鄭宜芬：驚世畏友張愛玲,書簡組──寫信給文學作家,,,
1207,時報文學獎,第三十七屆,2014,首獎,陳又津(1986-)：跨界通訊,短篇小說,,,
1208,時報文學獎,第三十七屆,2014,評審獎,邱靖巧：不沾鍋上的魚,短篇小說,,,
1209,時報文學獎,第三十七屆,2014,評審獎,盧慧心(1979-)：一天的收穫,短篇小說,,,
1210,時報文學獎,第三十七屆,2014,首獎,陳栢青(1983-)：內褲，旅行中,散文,,,
1211,時報文學獎,第三十七屆,2014,評審獎,包子逸：以跳水的姿勢騰空,散文,,,
1212,時報文學獎,第三十七屆,2014,評審獎,楊婕(1990-)：曬衣情事,散文,,,
1213,時報文學獎,第三十七屆,2014,評審獎,陳顥仁(1996-)：頹廢禪,新詩,,,
1214,時報文學獎,第三十七屆,2014,評審獎,王聖豪(1976-)：不惑之年,新詩,,,
1215,時報文學獎,第三十七屆,2014,評審獎,吳鑒益：今夜，讓我陪你讀一本書,新詩,,,
1216,時報文學獎,第三十七屆,2014,評審獎,張春炎：一位年老社會學家的詩,新詩,,,
1217,時報文學獎,第三十七屆,2014,優選,張日錦(1983-)：燕子,小品文組──台灣山水,,,
1218,時報文學獎,第三十七屆,2014,優選,蔡文鶱(1987-)：滯留時光,小品文組──台灣山水,,,
1219,時報文學獎,第三十七屆,2014,優選,徐惠隆(1951-)：鵝鳴呷叫,小品文組──台灣山水,,,
1220,時報文學獎,第三十七屆,2014,優選,郭品宏(1985-)：找一株鼠鞠草,小品文組──台灣山水,,,
1221,時報文學獎,第三十七屆,2014,優選,瑟烈思(本名莊樹諄)：遇見翠鳥,小品文組──台灣山水,,,
1222,時報文學獎,第三十七屆,2014,優選,林芳騰：觀霧觀自在,小品文組──台灣山水,,,
1223,時報文學獎,第三十七屆,2014,優選,陳曜裕(1982-)：小間裡的收藏,小品文組──台灣山水,,,
1224,時報文學獎,第三十七屆,2014,優選,張英珉：滅蚊燈,小品文組──台灣山水,,,
1225,時報文學獎,第三十七屆,2014,優選,劉冠顯：山旅,小品文組──台灣山水,,,
1226,時報文學獎,第三十七屆,2014,優選,葉士瑜：記憶中的綠寶石,小品文組──台灣山水,,,
1227,時報文學獎,第三十七屆,2014,優選,葉衽榤：致頭城獨行者李榮春,書簡組──寫信給文學作家,,,
1228,時報文學獎,第三十七屆,2014,優選,魏振恩：詹姆斯萊特,書簡組──寫信給文學作家,,,
1229,時報文學獎,第三十七屆,2014,優選,王晨翔(1996-)：阿爸與老房子──致宋澤萊,書簡組──寫信給文學作家,,,
1230,時報文學獎,第三十七屆,2014,優選,林力敏：張礙,書簡組──寫信給文學作家,,,
1231,時報文學獎,第三十七屆,2014,優選,徐震宇：敬致史蒂芬．褚威格先生,書簡組──寫信給文學作家,,,
1232,時報文學獎,第三十七屆,2014,優選,董秉哲(1979)：說不完的故事,書簡組──寫信給文學作家,,,
1233,時報文學獎,第三十七屆,2014,優選,詹卉翎：看不見──致太宰治,書簡組──寫信給文學作家,,,
1234,時報文學獎,第三十七屆,2014,優選,曾谷涵(1982-)：日子這樣就可以了,書簡組──寫信給文學作家,,,
1235,時報文學獎,第三十七屆,2014,優選,黃文俊(1989-)：靜止在──最初與最終,書簡組──寫信給文學作家,,,
1236,時報文學獎,第三十七屆,2014,優選,李振豪(1981-)：第二封信,書簡組──寫信給文學作家,,,
1237,時報文學獎,第三十八屆,2015,首獎,黃瀚嶢(1988-)：搖樹,短篇小說,,,
1238,時報文學獎,第三十八屆,2015,評審獎,李芙萱：影子情人,短篇小說,,,
1239,時報文學獎,第三十八屆,2015,評審獎,林志豪(1972-)：饗宴,短篇小說,,,
1240,時報文學獎,第三十八屆,2015,首獎,楊莉敏(1985-)：世界是野獸的,散文,,,
1241,時報文學獎,第三十八屆,2015,評審獎,黃岡(黃芝雲)：死亡是一朵苦楝花開,散文,,,
1242,時報文學獎,第三十八屆,2015,評審獎,謝子凡：住院,散文,,,
1243,時報文學獎,第三十八屆,2015,首獎,何亭慧(1980-)：她的名字,新詩,,,
1244,時報文學獎,第三十八屆,2015,評審獎,房靖荃：節序帖,新詩,,,
1245,時報文學獎,第三十八屆,2015,評審獎,"砂丁(原名劉禕家,1990-,廣西桂林)：超越的事情",新詩,,,
1246,時報文學獎,第三十八屆,2015,優選,蔡澤民(本名蔡宜勳)：消失的海灘,小品文組──台灣山水,,,
1247,時報文學獎,第三十八屆,2015,優選,蔡文騫(1987-)：介殼蟲〉    ,小品文組──台灣山水,,,
1248,時報文學獎,第三十八屆,2015,優選,潘貞仁(1967-)：島頭白雪,小品文組──台灣山水,,,
1249,時報文學獎,第三十八屆,2015,優選,陳書伶(1992-)：被經過的地方,小品文組──台灣山水,,,
1250,時報文學獎,第三十八屆,2015,優選,張廷碩：你騎，Ubike〉  ,小品文組──台灣山水,,,
1251,時報文學獎,第三十八屆,2015,優選,劉彥辰(1989-)：山越,小品文組──台灣山水,,,
1252,時報文學獎,第三十八屆,2015,優選,許宸碩(1991-)：內埤海灣,小品文組──台灣山水,,,
1253,時報文學獎,第三十八屆,2015,優選,黃文俊(台中人，1989-)：往更靠海的地方而去〉   ,小品文組──台灣山水,,,
1254,時報文學獎,第三十八屆,2015,優選,洪春峰：自然，田,小品文組──台灣山水,,,
1255,時報文學獎,第三十八屆,2015,優選,知暖：夏日寒溪,小品文組──台灣山水,,,
1256,時報文學獎,第三十八屆,2015,優選,李璐(1990-)：夏天的回聲〉,書簡組──寫信給文學作家,,,
1257,時報文學獎,第三十八屆,2015,優選,蘇其華：新的一天〉,書簡組──寫信給文學作家,,,
1258,時報文學獎,第三十八屆,2015,優選,長井代助：夏目漱石的火車,書簡組──寫信給文學作家,,,
1259,時報文學獎,第三十八屆,2015,優選,蔡文騫(1987-)：變形記,書簡組──寫信給文學作家,,,
1260,時報文學獎,第三十八屆,2015,優選,林佳樺：您離去的腳步，是點點微光〉      ,書簡組──寫信給文學作家,,,
1261,時報文學獎,第三十八屆,2015,優選,璞茗：特寫〉     ,書簡組──寫信給文學作家,,,
1262,時報文學獎,第三十八屆,2015,優選,真一：疊韻與輪迴,書簡組──寫信給文學作家,,,
1263,時報文學獎,第三十八屆,2015,優選,陳春妙(1985-)：竟成藩溷之花──致蒲松齡〉      ,書簡組──寫信給文學作家,,,
1264,時報文學獎,第三十八屆,2015,優選,余志挺：奔跑吧！你這無賴──寫信給太宰治,書簡組──寫信給文學作家,,,
1265,時報文學獎,第三十八屆,2015,優選,吳金龍：不及遲來,書簡組──寫信給文學作家,,,